=IF(ISBLANK(Defaults.K2),Defaults.L2,LOOKUP(Defaults.K2,'Tag List'.$W$2:$W$1000,'Tag List'.$X$2:$X$1000))	"=IF(ISERR(CONCAT(A1:A1012)),""INVALID XML"",""PASSES"")"
=IF(ISBLANK(Defaults.K3),Defaults.L3,LOOKUP(Defaults.K3,'Tag List'.$W$2:$W$1000,'Tag List'.$X$2:$X$1000))	
=IF(ISBLANK(Defaults.K4),Defaults.L4,LOOKUP(Defaults.K4,'Tag List'.$W$2:$W$1000,'Tag List'.$X$2:$X$1000))	
=IF(ISBLANK(Defaults.K5),Defaults.L5,LOOKUP(Defaults.K5,'Tag List'.$W$2:$W$1000,'Tag List'.$X$2:$X$1000))	
=IF(ISBLANK(Defaults.K6),Defaults.L6,LOOKUP(Defaults.K6,'Tag List'.$W$2:$W$1000,'Tag List'.$X$2:$X$1000))	
=IF(ISBLANK(Defaults.K7),Defaults.L7,LOOKUP(Defaults.K7,'Tag List'.$W$2:$W$1000,'Tag List'.$X$2:$X$1000))	
=IF(ISBLANK(Defaults.K8),Defaults.L8,LOOKUP(Defaults.K8,'Tag List'.$W$2:$W$1000,'Tag List'.$X$2:$X$1000))	
=IF(ISBLANK(Defaults.K9),Defaults.L9,LOOKUP(Defaults.K9,'Tag List'.$W$2:$W$1000,'Tag List'.$X$2:$X$1000))	
=IF(ISBLANK(Defaults.K10),Defaults.L10,LOOKUP(Defaults.K10,'Tag List'.$W$2:$W$1000,'Tag List'.$X$2:$X$1000))	
=IF(ISBLANK(Defaults.K11),Defaults.L11,LOOKUP(Defaults.K11,'Tag List'.$W$2:$W$1000,'Tag List'.$X$2:$X$1000))	
=IF(ISBLANK(Defaults.K12),Defaults.L12,LOOKUP(Defaults.K12,'Tag List'.$W$2:$W$1000,'Tag List'.$X$2:$X$1000))	
=IF(ISBLANK(Defaults.K13),Defaults.L13,LOOKUP(Defaults.K13,'Tag List'.$W$2:$W$1000,'Tag List'.$X$2:$X$1000))	
=IF(ISBLANK(Defaults.K14),Defaults.L14,LOOKUP(Defaults.K14,'Tag List'.$W$2:$W$1000,'Tag List'.$X$2:$X$1000))	
=IF(ISBLANK(Defaults.K15),Defaults.L15,LOOKUP(Defaults.K15,'Tag List'.$W$2:$W$1000,'Tag List'.$X$2:$X$1000))	
=IF(ISBLANK(Defaults.K16),Defaults.L16,LOOKUP(Defaults.K16,'Tag List'.$W$2:$W$1000,'Tag List'.$X$2:$X$1000))	
=IF(ISBLANK(Defaults.K17),Defaults.L17,LOOKUP(Defaults.K17,'Tag List'.$W$2:$W$1000,'Tag List'.$X$2:$X$1000))	
=IF(ISBLANK(Defaults.K18),Defaults.L18,LOOKUP(Defaults.K18,'Tag List'.$W$2:$W$1000,'Tag List'.$X$2:$X$1000))	
=IF(ISBLANK(Defaults.K19),Defaults.L19,LOOKUP(Defaults.K19,'Tag List'.$W$2:$W$1000,'Tag List'.$X$2:$X$1000))	
=IF(ISBLANK(Defaults.K20),Defaults.L20,LOOKUP(Defaults.K20,'Tag List'.$W$2:$W$1000,'Tag List'.$X$2:$X$1000))	
=IF(ISBLANK(Defaults.K21),Defaults.L21,LOOKUP(Defaults.K21,'Tag List'.$W$2:$W$1000,'Tag List'.$X$2:$X$1000))	
=IF(ISBLANK(Defaults.K22),Defaults.L22,LOOKUP(Defaults.K22,'Tag List'.$W$2:$W$1000,'Tag List'.$X$2:$X$1000))	
=IF(ISBLANK(Defaults.K23),Defaults.L23,LOOKUP(Defaults.K23,'Tag List'.$W$2:$W$1000,'Tag List'.$X$2:$X$1000))	
=IF(ISBLANK(Defaults.K24),Defaults.L24,LOOKUP(Defaults.K24,'Tag List'.$W$2:$W$1000,'Tag List'.$X$2:$X$1000))	
=IF(ISBLANK(Defaults.K25),Defaults.L25,LOOKUP(Defaults.K25,'Tag List'.$W$2:$W$1000,'Tag List'.$X$2:$X$1000))	
=IF(ISBLANK(Defaults.K26),Defaults.L26,LOOKUP(Defaults.K26,'Tag List'.$W$2:$W$1000,'Tag List'.$X$2:$X$1000))	
=IF(ISBLANK(Defaults.K27),Defaults.L27,LOOKUP(Defaults.K27,'Tag List'.$W$2:$W$1000,'Tag List'.$X$2:$X$1000))	
=IF(ISBLANK(Defaults.K28),Defaults.L28,LOOKUP(Defaults.K28,'Tag List'.$W$2:$W$1000,'Tag List'.$X$2:$X$1000))	
=IF(ISBLANK(Defaults.K29),Defaults.L29,LOOKUP(Defaults.K29,'Tag List'.$W$2:$W$1000,'Tag List'.$X$2:$X$1000))	
=IF(ISBLANK(Defaults.K30),Defaults.L30,LOOKUP(Defaults.K30,'Tag List'.$W$2:$W$1000,'Tag List'.$X$2:$X$1000))	
=IF(ISBLANK(Defaults.K31),Defaults.L31,LOOKUP(Defaults.K31,'Tag List'.$W$2:$W$1000,'Tag List'.$X$2:$X$1000))	
=IF(ISBLANK(Defaults.K32),Defaults.L32,LOOKUP(Defaults.K32,'Tag List'.$W$2:$W$1000,'Tag List'.$X$2:$X$1000))	
=IF(ISBLANK(Defaults.K33),Defaults.L33,LOOKUP(Defaults.K33,'Tag List'.$W$2:$W$1000,'Tag List'.$X$2:$X$1000))	
=IF(ISBLANK(Defaults.K34),Defaults.L34,LOOKUP(Defaults.K34,'Tag List'.$W$2:$W$1000,'Tag List'.$X$2:$X$1000))	
=IF(ISBLANK(Defaults.K35),Defaults.L35,LOOKUP(Defaults.K35,'Tag List'.$W$2:$W$1000,'Tag List'.$X$2:$X$1000))	
=IF(ISBLANK(Defaults.K36),Defaults.L36,LOOKUP(Defaults.K36,'Tag List'.$W$2:$W$1000,'Tag List'.$X$2:$X$1000))	
=IF(ISBLANK(Defaults.K37),Defaults.L37,LOOKUP(Defaults.K37,'Tag List'.$W$2:$W$1000,'Tag List'.$X$2:$X$1000))	
=IF(ISBLANK(Defaults.K38),Defaults.L38,LOOKUP(Defaults.K38,'Tag List'.$W$2:$W$1000,'Tag List'.$X$2:$X$1000))	
=IF(ISBLANK(Defaults.K39),Defaults.L39,LOOKUP(Defaults.K39,'Tag List'.$W$2:$W$1000,'Tag List'.$X$2:$X$1000))	
=IF(ISBLANK(Defaults.K40),Defaults.L40,LOOKUP(Defaults.K40,'Tag List'.$W$2:$W$1000,'Tag List'.$X$2:$X$1000))	
=IF(ISBLANK(Defaults.K41),Defaults.L41,LOOKUP(Defaults.K41,'Tag List'.$W$2:$W$1000,'Tag List'.$X$2:$X$1000))	
=IF(ISBLANK(Defaults.K42),Defaults.L42,LOOKUP(Defaults.K42,'Tag List'.$W$2:$W$1000,'Tag List'.$X$2:$X$1000))	
=IF(ISBLANK(Defaults.K43),Defaults.L43,LOOKUP(Defaults.K43,'Tag List'.$W$2:$W$1000,'Tag List'.$X$2:$X$1000))	
=IF(ISBLANK(Defaults.K44),Defaults.L44,LOOKUP(Defaults.K44,'Tag List'.$W$2:$W$1000,'Tag List'.$X$2:$X$1000))	
=IF(ISBLANK(Defaults.K45),Defaults.L45,LOOKUP(Defaults.K45,'Tag List'.$W$2:$W$1000,'Tag List'.$X$2:$X$1000))	
=IF(ISBLANK(Defaults.K46),Defaults.L46,LOOKUP(Defaults.K46,'Tag List'.$W$2:$W$1000,'Tag List'.$X$2:$X$1000))	
=IF(ISBLANK(Defaults.K47),Defaults.L47,LOOKUP(Defaults.K47,'Tag List'.$W$2:$W$1000,'Tag List'.$X$2:$X$1000))	
=IF(ISBLANK(Defaults.K48),Defaults.L48,LOOKUP(Defaults.K48,'Tag List'.$W$2:$W$1000,'Tag List'.$X$2:$X$1000))	
=IF(ISBLANK(Defaults.K49),Defaults.L49,LOOKUP(Defaults.K49,'Tag List'.$W$2:$W$1000,'Tag List'.$X$2:$X$1000))	
=IF(ISBLANK(Defaults.K50),Defaults.L50,LOOKUP(Defaults.K50,'Tag List'.$W$2:$W$1000,'Tag List'.$X$2:$X$1000))	
=IF(ISBLANK(Defaults.K51),Defaults.L51,LOOKUP(Defaults.K51,'Tag List'.$W$2:$W$1000,'Tag List'.$X$2:$X$1000))	
=IF(ISBLANK(Defaults.K52),Defaults.L52,LOOKUP(Defaults.K52,'Tag List'.$W$2:$W$1000,'Tag List'.$X$2:$X$1000))	
=IF(ISBLANK(Defaults.K53),Defaults.L53,LOOKUP(Defaults.K53,'Tag List'.$W$2:$W$1000,'Tag List'.$X$2:$X$1000))	
=IF(ISBLANK(Defaults.K54),Defaults.L54,LOOKUP(Defaults.K54,'Tag List'.$W$2:$W$1000,'Tag List'.$X$2:$X$1000))	
=IF(ISBLANK(Defaults.K55),Defaults.L55,LOOKUP(Defaults.K55,'Tag List'.$W$2:$W$1000,'Tag List'.$X$2:$X$1000))	
=IF(ISBLANK(Defaults.K56),Defaults.L56,LOOKUP(Defaults.K56,'Tag List'.$W$2:$W$1000,'Tag List'.$X$2:$X$1000))	
=IF(ISBLANK(Defaults.K57),Defaults.L57,LOOKUP(Defaults.K57,'Tag List'.$W$2:$W$1000,'Tag List'.$X$2:$X$1000))	
=IF(ISBLANK(Defaults.K58),Defaults.L58,LOOKUP(Defaults.K58,'Tag List'.$W$2:$W$1000,'Tag List'.$X$2:$X$1000))	
=IF(ISBLANK(Defaults.K59),Defaults.L59,LOOKUP(Defaults.K59,'Tag List'.$W$2:$W$1000,'Tag List'.$X$2:$X$1000))	
=IF(ISBLANK(Defaults.K60),Defaults.L60,LOOKUP(Defaults.K60,'Tag List'.$W$2:$W$1000,'Tag List'.$X$2:$X$1000))	
=IF(ISBLANK(Defaults.K61),Defaults.L61,LOOKUP(Defaults.K61,'Tag List'.$W$2:$W$1000,'Tag List'.$X$2:$X$1000))	
=IF(ISBLANK(Defaults.K62),Defaults.L62,LOOKUP(Defaults.K62,'Tag List'.$W$2:$W$1000,'Tag List'.$X$2:$X$1000))	
=IF(ISBLANK(Defaults.K63),Defaults.L63,LOOKUP(Defaults.K63,'Tag List'.$W$2:$W$1000,'Tag List'.$X$2:$X$1000))	
=IF(ISBLANK(Defaults.K64),Defaults.L64,LOOKUP(Defaults.K64,'Tag List'.$W$2:$W$1000,'Tag List'.$X$2:$X$1000))	
=IF(ISBLANK(Defaults.K65),Defaults.L65,LOOKUP(Defaults.K65,'Tag List'.$W$2:$W$1000,'Tag List'.$X$2:$X$1000))	
=IF(ISBLANK(Defaults.K66),Defaults.L66,LOOKUP(Defaults.K66,'Tag List'.$W$2:$W$1000,'Tag List'.$X$2:$X$1000))	
=IF(ISBLANK(Defaults.K67),Defaults.L67,LOOKUP(Defaults.K67,'Tag List'.$W$2:$W$1000,'Tag List'.$X$2:$X$1000))	
=IF(ISBLANK(Defaults.K68),Defaults.L68,LOOKUP(Defaults.K68,'Tag List'.$W$2:$W$1000,'Tag List'.$X$2:$X$1000))	
=IF(ISBLANK(Defaults.K69),Defaults.L69,LOOKUP(Defaults.K69,'Tag List'.$W$2:$W$1000,'Tag List'.$X$2:$X$1000))	
=IF(ISBLANK(Defaults.K70),Defaults.L70,LOOKUP(Defaults.K70,'Tag List'.$W$2:$W$1000,'Tag List'.$X$2:$X$1000))	
=IF(ISBLANK(Defaults.K71),Defaults.L71,LOOKUP(Defaults.K71,'Tag List'.$W$2:$W$1000,'Tag List'.$X$2:$X$1000))	
=IF(ISBLANK(Defaults.K72),Defaults.L72,LOOKUP(Defaults.K72,'Tag List'.$W$2:$W$1000,'Tag List'.$X$2:$X$1000))	
=IF(ISBLANK(Defaults.K73),Defaults.L73,LOOKUP(Defaults.K73,'Tag List'.$W$2:$W$1000,'Tag List'.$X$2:$X$1000))	
=IF(ISBLANK(Defaults.K74),Defaults.L74,LOOKUP(Defaults.K74,'Tag List'.$W$2:$W$1000,'Tag List'.$X$2:$X$1000))	
=IF(ISBLANK(Defaults.K75),Defaults.L75,LOOKUP(Defaults.K75,'Tag List'.$W$2:$W$1000,'Tag List'.$X$2:$X$1000))	
=IF(ISBLANK(Defaults.K76),Defaults.L76,LOOKUP(Defaults.K76,'Tag List'.$W$2:$W$1000,'Tag List'.$X$2:$X$1000))	
=IF(ISBLANK(Defaults.K77),Defaults.L77,LOOKUP(Defaults.K77,'Tag List'.$W$2:$W$1000,'Tag List'.$X$2:$X$1000))	
=IF(ISBLANK(Defaults.K78),Defaults.L78,LOOKUP(Defaults.K78,'Tag List'.$W$2:$W$1000,'Tag List'.$X$2:$X$1000))	
=IF(ISBLANK(Defaults.K79),Defaults.L79,LOOKUP(Defaults.K79,'Tag List'.$W$2:$W$1000,'Tag List'.$X$2:$X$1000))	
=IF(ISBLANK(Defaults.K80),Defaults.L80,LOOKUP(Defaults.K80,'Tag List'.$W$2:$W$1000,'Tag List'.$X$2:$X$1000))	
=IF(ISBLANK(Defaults.K81),Defaults.L81,LOOKUP(Defaults.K81,'Tag List'.$W$2:$W$1000,'Tag List'.$X$2:$X$1000))	
=IF(ISBLANK(Defaults.K82),Defaults.L82,LOOKUP(Defaults.K82,'Tag List'.$W$2:$W$1000,'Tag List'.$X$2:$X$1000))	
=IF(ISBLANK(Defaults.K83),Defaults.L83,LOOKUP(Defaults.K83,'Tag List'.$W$2:$W$1000,'Tag List'.$X$2:$X$1000))	
=IF(ISBLANK(Defaults.K84),Defaults.L84,LOOKUP(Defaults.K84,'Tag List'.$W$2:$W$1000,'Tag List'.$X$2:$X$1000))	
=IF(ISBLANK(Defaults.K85),Defaults.L85,LOOKUP(Defaults.K85,'Tag List'.$W$2:$W$1000,'Tag List'.$X$2:$X$1000))	
=IF(ISBLANK(Defaults.K86),Defaults.L86,LOOKUP(Defaults.K86,'Tag List'.$W$2:$W$1000,'Tag List'.$X$2:$X$1000))	
=IF(ISBLANK(Defaults.K87),Defaults.L87,LOOKUP(Defaults.K87,'Tag List'.$W$2:$W$1000,'Tag List'.$X$2:$X$1000))	
=IF(ISBLANK(Defaults.K88),Defaults.L88,LOOKUP(Defaults.K88,'Tag List'.$W$2:$W$1000,'Tag List'.$X$2:$X$1000))	
=IF(ISBLANK(Defaults.K89),Defaults.L89,LOOKUP(Defaults.K89,'Tag List'.$W$2:$W$1000,'Tag List'.$X$2:$X$1000))	
=IF(ISBLANK(Defaults.K90),Defaults.L90,LOOKUP(Defaults.K90,'Tag List'.$W$2:$W$1000,'Tag List'.$X$2:$X$1000))	
=IF(ISBLANK(Defaults.K91),Defaults.L91,LOOKUP(Defaults.K91,'Tag List'.$W$2:$W$1000,'Tag List'.$X$2:$X$1000))	
=IF(ISBLANK(Defaults.K92),Defaults.L92,LOOKUP(Defaults.K92,'Tag List'.$W$2:$W$1000,'Tag List'.$X$2:$X$1000))	
=IF(ISBLANK(Defaults.K93),Defaults.L93,LOOKUP(Defaults.K93,'Tag List'.$W$2:$W$1000,'Tag List'.$X$2:$X$1000))	
=IF(ISBLANK(Defaults.K94),Defaults.L94,LOOKUP(Defaults.K94,'Tag List'.$W$2:$W$1000,'Tag List'.$X$2:$X$1000))	
=IF(ISBLANK(Defaults.K95),Defaults.L95,LOOKUP(Defaults.K95,'Tag List'.$W$2:$W$1000,'Tag List'.$X$2:$X$1000))	
=IF(ISBLANK(Defaults.K96),Defaults.L96,LOOKUP(Defaults.K96,'Tag List'.$W$2:$W$1000,'Tag List'.$X$2:$X$1000))	
=IF(ISBLANK(Defaults.K97),Defaults.L97,LOOKUP(Defaults.K97,'Tag List'.$W$2:$W$1000,'Tag List'.$X$2:$X$1000))	
=IF(ISBLANK(Defaults.K98),Defaults.L98,LOOKUP(Defaults.K98,'Tag List'.$W$2:$W$1000,'Tag List'.$X$2:$X$1000))	
=IF(ISBLANK(Defaults.K99),Defaults.L99,LOOKUP(Defaults.K99,'Tag List'.$W$2:$W$1000,'Tag List'.$X$2:$X$1000))	
=IF(ISBLANK(Defaults.K100),Defaults.L100,LOOKUP(Defaults.K100,'Tag List'.$W$2:$W$1000,'Tag List'.$X$2:$X$1000))	
=IF(ISBLANK(Defaults.K101),Defaults.L101,LOOKUP(Defaults.K101,'Tag List'.$W$2:$W$1000,'Tag List'.$X$2:$X$1000))	
=IF(ISBLANK(Defaults.K102),Defaults.L102,LOOKUP(Defaults.K102,'Tag List'.$W$2:$W$1000,'Tag List'.$X$2:$X$1000))	
=IF(ISBLANK(Defaults.K103),Defaults.L103,LOOKUP(Defaults.K103,'Tag List'.$W$2:$W$1000,'Tag List'.$X$2:$X$1000))	
=IF(ISBLANK(Defaults.K104),Defaults.L104,LOOKUP(Defaults.K104,'Tag List'.$W$2:$W$1000,'Tag List'.$X$2:$X$1000))	
=IF(ISBLANK(Defaults.K105),Defaults.L105,LOOKUP(Defaults.K105,'Tag List'.$W$2:$W$1000,'Tag List'.$X$2:$X$1000))	
=IF(ISBLANK(Defaults.K106),Defaults.L106,LOOKUP(Defaults.K106,'Tag List'.$W$2:$W$1000,'Tag List'.$X$2:$X$1000))	
=IF(ISBLANK(Defaults.K107),Defaults.L107,LOOKUP(Defaults.K107,'Tag List'.$W$2:$W$1000,'Tag List'.$X$2:$X$1000))	
=IF(ISBLANK(Defaults.K108),Defaults.L108,LOOKUP(Defaults.K108,'Tag List'.$W$2:$W$1000,'Tag List'.$X$2:$X$1000))	
=IF(ISBLANK(Defaults.K109),Defaults.L109,LOOKUP(Defaults.K109,'Tag List'.$W$2:$W$1000,'Tag List'.$X$2:$X$1000))	
=IF(ISBLANK(Defaults.K110),Defaults.L110,LOOKUP(Defaults.K110,'Tag List'.$W$2:$W$1000,'Tag List'.$X$2:$X$1000))	
=IF(ISBLANK(Defaults.K111),Defaults.L111,LOOKUP(Defaults.K111,'Tag List'.$W$2:$W$1000,'Tag List'.$X$2:$X$1000))	
=IF(ISBLANK(Defaults.K112),Defaults.L112,LOOKUP(Defaults.K112,'Tag List'.$W$2:$W$1000,'Tag List'.$X$2:$X$1000))	
=IF(ISBLANK(Defaults.K113),Defaults.L113,LOOKUP(Defaults.K113,'Tag List'.$W$2:$W$1000,'Tag List'.$X$2:$X$1000))	
=IF(ISBLANK(Defaults.K114),Defaults.L114,LOOKUP(Defaults.K114,'Tag List'.$W$2:$W$1000,'Tag List'.$X$2:$X$1000))	
=IF(ISBLANK(Defaults.K115),Defaults.L115,LOOKUP(Defaults.K115,'Tag List'.$W$2:$W$1000,'Tag List'.$X$2:$X$1000))	
=IF(ISBLANK(Defaults.K116),Defaults.L116,LOOKUP(Defaults.K116,'Tag List'.$W$2:$W$1000,'Tag List'.$X$2:$X$1000))	
=IF(ISBLANK(Defaults.K117),Defaults.L117,LOOKUP(Defaults.K117,'Tag List'.$W$2:$W$1000,'Tag List'.$X$2:$X$1000))	
=IF(ISBLANK(Defaults.K118),Defaults.L118,LOOKUP(Defaults.K118,'Tag List'.$W$2:$W$1000,'Tag List'.$X$2:$X$1000))	
=IF(ISBLANK(Defaults.K119),Defaults.L119,LOOKUP(Defaults.K119,'Tag List'.$W$2:$W$1000,'Tag List'.$X$2:$X$1000))	
=IF(ISBLANK(Defaults.K120),Defaults.L120,LOOKUP(Defaults.K120,'Tag List'.$W$2:$W$1000,'Tag List'.$X$2:$X$1000))	
=IF(ISBLANK(Defaults.K121),Defaults.L121,LOOKUP(Defaults.K121,'Tag List'.$W$2:$W$1000,'Tag List'.$X$2:$X$1000))	
=IF(ISBLANK(Defaults.K122),Defaults.L122,LOOKUP(Defaults.K122,'Tag List'.$W$2:$W$1000,'Tag List'.$X$2:$X$1000))	
=IF(ISBLANK(Defaults.K123),Defaults.L123,LOOKUP(Defaults.K123,'Tag List'.$W$2:$W$1000,'Tag List'.$X$2:$X$1000))	
=IF(ISBLANK(Defaults.K124),Defaults.L124,LOOKUP(Defaults.K124,'Tag List'.$W$2:$W$1000,'Tag List'.$X$2:$X$1000))	
=IF(ISBLANK(Defaults.K125),Defaults.L125,LOOKUP(Defaults.K125,'Tag List'.$W$2:$W$1000,'Tag List'.$X$2:$X$1000))	
=IF(ISBLANK(Defaults.K126),Defaults.L126,LOOKUP(Defaults.K126,'Tag List'.$W$2:$W$1000,'Tag List'.$X$2:$X$1000))	
=IF(ISBLANK(Defaults.K127),Defaults.L127,LOOKUP(Defaults.K127,'Tag List'.$W$2:$W$1000,'Tag List'.$X$2:$X$1000))	
=IF(ISBLANK(Defaults.K128),Defaults.L128,LOOKUP(Defaults.K128,'Tag List'.$W$2:$W$1000,'Tag List'.$X$2:$X$1000))	
=IF(ISBLANK(Defaults.K129),Defaults.L129,LOOKUP(Defaults.K129,'Tag List'.$W$2:$W$1000,'Tag List'.$X$2:$X$1000))	
=IF(ISBLANK(Defaults.K130),Defaults.L130,LOOKUP(Defaults.K130,'Tag List'.$W$2:$W$1000,'Tag List'.$X$2:$X$1000))	
=IF(ISBLANK(Defaults.K131),Defaults.L131,LOOKUP(Defaults.K131,'Tag List'.$W$2:$W$1000,'Tag List'.$X$2:$X$1000))	
=IF(ISBLANK(Defaults.K132),Defaults.L132,LOOKUP(Defaults.K132,'Tag List'.$W$2:$W$1000,'Tag List'.$X$2:$X$1000))	
=IF(ISBLANK(Defaults.K133),Defaults.L133,LOOKUP(Defaults.K133,'Tag List'.$W$2:$W$1000,'Tag List'.$X$2:$X$1000))	
=IF(ISBLANK(Defaults.K134),Defaults.L134,LOOKUP(Defaults.K134,'Tag List'.$W$2:$W$1000,'Tag List'.$X$2:$X$1000))	
=IF(ISBLANK(Defaults.K135),Defaults.L135,LOOKUP(Defaults.K135,'Tag List'.$W$2:$W$1000,'Tag List'.$X$2:$X$1000))	
=IF(ISBLANK(Defaults.K136),Defaults.L136,LOOKUP(Defaults.K136,'Tag List'.$W$2:$W$1000,'Tag List'.$X$2:$X$1000))	
=IF(ISBLANK(Defaults.K137),Defaults.L137,LOOKUP(Defaults.K137,'Tag List'.$W$2:$W$1000,'Tag List'.$X$2:$X$1000))	
=IF(ISBLANK(Defaults.K138),Defaults.L138,LOOKUP(Defaults.K138,'Tag List'.$W$2:$W$1000,'Tag List'.$X$2:$X$1000))	
=IF(ISBLANK(Defaults.K139),Defaults.L139,LOOKUP(Defaults.K139,'Tag List'.$W$2:$W$1000,'Tag List'.$X$2:$X$1000))	
=IF(ISBLANK(Defaults.K140),Defaults.L140,LOOKUP(Defaults.K140,'Tag List'.$W$2:$W$1000,'Tag List'.$X$2:$X$1000))	
=IF(ISBLANK(Defaults.K141),Defaults.L141,LOOKUP(Defaults.K141,'Tag List'.$W$2:$W$1000,'Tag List'.$X$2:$X$1000))	
=IF(ISBLANK(Defaults.K142),Defaults.L142,LOOKUP(Defaults.K142,'Tag List'.$W$2:$W$1000,'Tag List'.$X$2:$X$1000))	
=IF(ISBLANK(Defaults.K143),Defaults.L143,LOOKUP(Defaults.K143,'Tag List'.$W$2:$W$1000,'Tag List'.$X$2:$X$1000))	
=IF(ISBLANK(Defaults.K144),Defaults.L144,LOOKUP(Defaults.K144,'Tag List'.$W$2:$W$1000,'Tag List'.$X$2:$X$1000))	
=IF(ISBLANK(Defaults.K145),Defaults.L145,LOOKUP(Defaults.K145,'Tag List'.$W$2:$W$1000,'Tag List'.$X$2:$X$1000))	
=IF(ISBLANK(Defaults.K146),Defaults.L146,LOOKUP(Defaults.K146,'Tag List'.$W$2:$W$1000,'Tag List'.$X$2:$X$1000))	
=IF(ISBLANK(Defaults.K147),Defaults.L147,LOOKUP(Defaults.K147,'Tag List'.$W$2:$W$1000,'Tag List'.$X$2:$X$1000))	
=IF(ISBLANK(Defaults.K148),Defaults.L148,LOOKUP(Defaults.K148,'Tag List'.$W$2:$W$1000,'Tag List'.$X$2:$X$1000))	
=IF(ISBLANK(Defaults.K149),Defaults.L149,LOOKUP(Defaults.K149,'Tag List'.$W$2:$W$1000,'Tag List'.$X$2:$X$1000))	
=IF(ISBLANK(Defaults.K150),Defaults.L150,LOOKUP(Defaults.K150,'Tag List'.$W$2:$W$1000,'Tag List'.$X$2:$X$1000))	
=IF(ISBLANK(Defaults.K151),Defaults.L151,LOOKUP(Defaults.K151,'Tag List'.$W$2:$W$1000,'Tag List'.$X$2:$X$1000))	
=IF(ISBLANK(Defaults.K152),Defaults.L152,LOOKUP(Defaults.K152,'Tag List'.$W$2:$W$1000,'Tag List'.$X$2:$X$1000))	
=IF(ISBLANK(Defaults.K153),Defaults.L153,LOOKUP(Defaults.K153,'Tag List'.$W$2:$W$1000,'Tag List'.$X$2:$X$1000))	
=IF(ISBLANK(Defaults.K154),Defaults.L154,LOOKUP(Defaults.K154,'Tag List'.$W$2:$W$1000,'Tag List'.$X$2:$X$1000))	
=IF(ISBLANK(Defaults.K155),Defaults.L155,LOOKUP(Defaults.K155,'Tag List'.$W$2:$W$1000,'Tag List'.$X$2:$X$1000))	
=IF(ISBLANK(Defaults.K156),Defaults.L156,LOOKUP(Defaults.K156,'Tag List'.$W$2:$W$1000,'Tag List'.$X$2:$X$1000))	
=IF(ISBLANK(Defaults.K157),Defaults.L157,LOOKUP(Defaults.K157,'Tag List'.$W$2:$W$1000,'Tag List'.$X$2:$X$1000))	
=IF(ISBLANK(Defaults.K158),Defaults.L158,LOOKUP(Defaults.K158,'Tag List'.$W$2:$W$1000,'Tag List'.$X$2:$X$1000))	
=IF(ISBLANK(Defaults.K159),Defaults.L159,LOOKUP(Defaults.K159,'Tag List'.$W$2:$W$1000,'Tag List'.$X$2:$X$1000))	
=IF(ISBLANK(Defaults.K160),Defaults.L160,LOOKUP(Defaults.K160,'Tag List'.$W$2:$W$1000,'Tag List'.$X$2:$X$1000))	
=IF(ISBLANK(Defaults.K161),Defaults.L161,LOOKUP(Defaults.K161,'Tag List'.$W$2:$W$1000,'Tag List'.$X$2:$X$1000))	
=IF(ISBLANK(Defaults.K162),Defaults.L162,LOOKUP(Defaults.K162,'Tag List'.$W$2:$W$1000,'Tag List'.$X$2:$X$1000))	
=IF(ISBLANK(Defaults.K163),Defaults.L163,LOOKUP(Defaults.K163,'Tag List'.$W$2:$W$1000,'Tag List'.$X$2:$X$1000))	
=IF(ISBLANK(Defaults.K164),Defaults.L164,LOOKUP(Defaults.K164,'Tag List'.$W$2:$W$1000,'Tag List'.$X$2:$X$1000))	
=IF(ISBLANK(Defaults.K165),Defaults.L165,LOOKUP(Defaults.K165,'Tag List'.$W$2:$W$1000,'Tag List'.$X$2:$X$1000))	
=IF(ISBLANK(Defaults.K166),Defaults.L166,LOOKUP(Defaults.K166,'Tag List'.$W$2:$W$1000,'Tag List'.$X$2:$X$1000))	
=IF(ISBLANK(Defaults.K167),Defaults.L167,LOOKUP(Defaults.K167,'Tag List'.$W$2:$W$1000,'Tag List'.$X$2:$X$1000))	
=IF(ISBLANK(Defaults.K168),Defaults.L168,LOOKUP(Defaults.K168,'Tag List'.$W$2:$W$1000,'Tag List'.$X$2:$X$1000))	
=IF(ISBLANK(Defaults.K169),Defaults.L169,LOOKUP(Defaults.K169,'Tag List'.$W$2:$W$1000,'Tag List'.$X$2:$X$1000))	
=IF(ISBLANK(Defaults.K170),Defaults.L170,LOOKUP(Defaults.K170,'Tag List'.$W$2:$W$1000,'Tag List'.$X$2:$X$1000))	
=IF(ISBLANK(Defaults.K171),Defaults.L171,LOOKUP(Defaults.K171,'Tag List'.$W$2:$W$1000,'Tag List'.$X$2:$X$1000))	
=IF(ISBLANK(Defaults.K172),Defaults.L172,LOOKUP(Defaults.K172,'Tag List'.$W$2:$W$1000,'Tag List'.$X$2:$X$1000))	
=IF(ISBLANK(Defaults.K173),Defaults.L173,LOOKUP(Defaults.K173,'Tag List'.$W$2:$W$1000,'Tag List'.$X$2:$X$1000))	
=IF(ISBLANK(Defaults.K174),Defaults.L174,LOOKUP(Defaults.K174,'Tag List'.$W$2:$W$1000,'Tag List'.$X$2:$X$1000))	
=IF(ISBLANK(Defaults.K175),Defaults.L175,LOOKUP(Defaults.K175,'Tag List'.$W$2:$W$1000,'Tag List'.$X$2:$X$1000))	
=IF(ISBLANK(Defaults.K176),Defaults.L176,LOOKUP(Defaults.K176,'Tag List'.$W$2:$W$1000,'Tag List'.$X$2:$X$1000))	
=IF(ISBLANK(Defaults.K177),Defaults.L177,LOOKUP(Defaults.K177,'Tag List'.$W$2:$W$1000,'Tag List'.$X$2:$X$1000))	
=IF(ISBLANK(Defaults.K178),Defaults.L178,LOOKUP(Defaults.K178,'Tag List'.$W$2:$W$1000,'Tag List'.$X$2:$X$1000))	
=IF(ISBLANK(Defaults.K179),Defaults.L179,LOOKUP(Defaults.K179,'Tag List'.$W$2:$W$1000,'Tag List'.$X$2:$X$1000))	
=IF(ISBLANK(Defaults.K180),Defaults.L180,LOOKUP(Defaults.K180,'Tag List'.$W$2:$W$1000,'Tag List'.$X$2:$X$1000))	
=IF(ISBLANK(Defaults.K181),Defaults.L181,LOOKUP(Defaults.K181,'Tag List'.$W$2:$W$1000,'Tag List'.$X$2:$X$1000))	
=IF(ISBLANK(Defaults.K182),Defaults.L182,LOOKUP(Defaults.K182,'Tag List'.$W$2:$W$1000,'Tag List'.$X$2:$X$1000))	
=IF(ISBLANK(Defaults.K183),Defaults.L183,LOOKUP(Defaults.K183,'Tag List'.$W$2:$W$1000,'Tag List'.$X$2:$X$1000))	
=IF(ISBLANK(Defaults.K184),Defaults.L184,LOOKUP(Defaults.K184,'Tag List'.$W$2:$W$1000,'Tag List'.$X$2:$X$1000))	
=IF(ISBLANK(Defaults.K185),Defaults.L185,LOOKUP(Defaults.K185,'Tag List'.$W$2:$W$1000,'Tag List'.$X$2:$X$1000))	
=IF(ISBLANK(Defaults.K186),Defaults.L186,LOOKUP(Defaults.K186,'Tag List'.$W$2:$W$1000,'Tag List'.$X$2:$X$1000))	
=IF(ISBLANK(Defaults.K187),Defaults.L187,LOOKUP(Defaults.K187,'Tag List'.$W$2:$W$1000,'Tag List'.$X$2:$X$1000))	
=IF(ISBLANK(Defaults.K188),Defaults.L188,LOOKUP(Defaults.K188,'Tag List'.$W$2:$W$1000,'Tag List'.$X$2:$X$1000))	
=IF(ISBLANK(Defaults.K189),Defaults.L189,LOOKUP(Defaults.K189,'Tag List'.$W$2:$W$1000,'Tag List'.$X$2:$X$1000))	
=IF(ISBLANK(Defaults.K190),Defaults.L190,LOOKUP(Defaults.K190,'Tag List'.$W$2:$W$1000,'Tag List'.$X$2:$X$1000))	
=IF(ISBLANK(Defaults.K191),Defaults.L191,LOOKUP(Defaults.K191,'Tag List'.$W$2:$W$1000,'Tag List'.$X$2:$X$1000))	
=IF(ISBLANK(Defaults.K192),Defaults.L192,LOOKUP(Defaults.K192,'Tag List'.$W$2:$W$1000,'Tag List'.$X$2:$X$1000))	
=IF(ISBLANK(Defaults.K193),Defaults.L193,LOOKUP(Defaults.K193,'Tag List'.$W$2:$W$1000,'Tag List'.$X$2:$X$1000))	
=IF(ISBLANK(Defaults.K194),Defaults.L194,LOOKUP(Defaults.K194,'Tag List'.$W$2:$W$1000,'Tag List'.$X$2:$X$1000))	
=IF(ISBLANK(Defaults.K195),Defaults.L195,LOOKUP(Defaults.K195,'Tag List'.$W$2:$W$1000,'Tag List'.$X$2:$X$1000))	
=IF(ISBLANK(Defaults.K196),Defaults.L196,LOOKUP(Defaults.K196,'Tag List'.$W$2:$W$1000,'Tag List'.$X$2:$X$1000))	
=IF(ISBLANK(Defaults.K197),Defaults.L197,LOOKUP(Defaults.K197,'Tag List'.$W$2:$W$1000,'Tag List'.$X$2:$X$1000))	
=IF(ISBLANK(Defaults.K198),Defaults.L198,LOOKUP(Defaults.K198,'Tag List'.$W$2:$W$1000,'Tag List'.$X$2:$X$1000))	
=IF(ISBLANK(Defaults.K199),Defaults.L199,LOOKUP(Defaults.K199,'Tag List'.$W$2:$W$1000,'Tag List'.$X$2:$X$1000))	
=IF(ISBLANK(Defaults.K200),Defaults.L200,LOOKUP(Defaults.K200,'Tag List'.$W$2:$W$1000,'Tag List'.$X$2:$X$1000))	
=IF(ISBLANK(Defaults.K201),Defaults.L201,LOOKUP(Defaults.K201,'Tag List'.$W$2:$W$1000,'Tag List'.$X$2:$X$1000))	
=IF(ISBLANK(Defaults.K202),Defaults.L202,LOOKUP(Defaults.K202,'Tag List'.$W$2:$W$1000,'Tag List'.$X$2:$X$1000))	
=IF(ISBLANK(Defaults.K203),Defaults.L203,LOOKUP(Defaults.K203,'Tag List'.$W$2:$W$1000,'Tag List'.$X$2:$X$1000))	
=IF(ISBLANK(Defaults.K204),Defaults.L204,LOOKUP(Defaults.K204,'Tag List'.$W$2:$W$1000,'Tag List'.$X$2:$X$1000))	
=IF(ISBLANK(Defaults.K205),Defaults.L205,LOOKUP(Defaults.K205,'Tag List'.$W$2:$W$1000,'Tag List'.$X$2:$X$1000))	
=IF(ISBLANK(Defaults.K206),Defaults.L206,LOOKUP(Defaults.K206,'Tag List'.$W$2:$W$1000,'Tag List'.$X$2:$X$1000))	
=IF(ISBLANK(Defaults.K207),Defaults.L207,LOOKUP(Defaults.K207,'Tag List'.$W$2:$W$1000,'Tag List'.$X$2:$X$1000))	
=IF(ISBLANK(Defaults.K208),Defaults.L208,LOOKUP(Defaults.K208,'Tag List'.$W$2:$W$1000,'Tag List'.$X$2:$X$1000))	
=IF(ISBLANK(Defaults.K209),Defaults.L209,LOOKUP(Defaults.K209,'Tag List'.$W$2:$W$1000,'Tag List'.$X$2:$X$1000))	
=IF(ISBLANK(Defaults.K210),Defaults.L210,LOOKUP(Defaults.K210,'Tag List'.$W$2:$W$1000,'Tag List'.$X$2:$X$1000))	
=IF(ISBLANK(Defaults.K211),Defaults.L211,LOOKUP(Defaults.K211,'Tag List'.$W$2:$W$1000,'Tag List'.$X$2:$X$1000))	
=IF(ISBLANK(Defaults.K212),Defaults.L212,LOOKUP(Defaults.K212,'Tag List'.$W$2:$W$1000,'Tag List'.$X$2:$X$1000))	
=IF(ISBLANK(Defaults.K213),Defaults.L213,LOOKUP(Defaults.K213,'Tag List'.$W$2:$W$1000,'Tag List'.$X$2:$X$1000))	
=IF(ISBLANK(Defaults.K214),Defaults.L214,LOOKUP(Defaults.K214,'Tag List'.$W$2:$W$1000,'Tag List'.$X$2:$X$1000))	
=IF(ISBLANK(Defaults.K215),Defaults.L215,LOOKUP(Defaults.K215,'Tag List'.$W$2:$W$1000,'Tag List'.$X$2:$X$1000))	
=IF(ISBLANK(Defaults.K216),Defaults.L216,LOOKUP(Defaults.K216,'Tag List'.$W$2:$W$1000,'Tag List'.$X$2:$X$1000))	
=IF(ISBLANK(Defaults.K217),Defaults.L217,LOOKUP(Defaults.K217,'Tag List'.$W$2:$W$1000,'Tag List'.$X$2:$X$1000))	
=IF(ISBLANK(Defaults.K218),Defaults.L218,LOOKUP(Defaults.K218,'Tag List'.$W$2:$W$1000,'Tag List'.$X$2:$X$1000))	
=IF(ISBLANK(Defaults.K219),Defaults.L219,LOOKUP(Defaults.K219,'Tag List'.$W$2:$W$1000,'Tag List'.$X$2:$X$1000))	
=IF(ISBLANK(Defaults.K220),Defaults.L220,LOOKUP(Defaults.K220,'Tag List'.$W$2:$W$1000,'Tag List'.$X$2:$X$1000))	
=IF(ISBLANK(Defaults.K221),Defaults.L221,LOOKUP(Defaults.K221,'Tag List'.$W$2:$W$1000,'Tag List'.$X$2:$X$1000))	
=IF(ISBLANK(Defaults.K222),Defaults.L222,LOOKUP(Defaults.K222,'Tag List'.$W$2:$W$1000,'Tag List'.$X$2:$X$1000))	
=IF(ISBLANK(Defaults.K223),Defaults.L223,LOOKUP(Defaults.K223,'Tag List'.$W$2:$W$1000,'Tag List'.$X$2:$X$1000))	
=IF(ISBLANK(Defaults.K224),Defaults.L224,LOOKUP(Defaults.K224,'Tag List'.$W$2:$W$1000,'Tag List'.$X$2:$X$1000))	
=IF(ISBLANK(Defaults.K225),Defaults.L225,LOOKUP(Defaults.K225,'Tag List'.$W$2:$W$1000,'Tag List'.$X$2:$X$1000))	
=IF(ISBLANK(Defaults.K226),Defaults.L226,LOOKUP(Defaults.K226,'Tag List'.$W$2:$W$1000,'Tag List'.$X$2:$X$1000))	
=IF(ISBLANK(Defaults.K227),Defaults.L227,LOOKUP(Defaults.K227,'Tag List'.$W$2:$W$1000,'Tag List'.$X$2:$X$1000))	
=IF(ISBLANK(Defaults.K228),Defaults.L228,LOOKUP(Defaults.K228,'Tag List'.$W$2:$W$1000,'Tag List'.$X$2:$X$1000))	
=IF(ISBLANK(Defaults.K229),Defaults.L229,LOOKUP(Defaults.K229,'Tag List'.$W$2:$W$1000,'Tag List'.$X$2:$X$1000))	
=IF(ISBLANK(Defaults.K230),Defaults.L230,LOOKUP(Defaults.K230,'Tag List'.$W$2:$W$1000,'Tag List'.$X$2:$X$1000))	
=IF(ISBLANK(Defaults.K231),Defaults.L231,LOOKUP(Defaults.K231,'Tag List'.$W$2:$W$1000,'Tag List'.$X$2:$X$1000))	
=IF(ISBLANK(Defaults.K232),Defaults.L232,LOOKUP(Defaults.K232,'Tag List'.$W$2:$W$1000,'Tag List'.$X$2:$X$1000))	
=IF(ISBLANK(Defaults.K233),Defaults.L233,LOOKUP(Defaults.K233,'Tag List'.$W$2:$W$1000,'Tag List'.$X$2:$X$1000))	
=IF(ISBLANK(Defaults.K234),Defaults.L234,LOOKUP(Defaults.K234,'Tag List'.$W$2:$W$1000,'Tag List'.$X$2:$X$1000))	
=IF(ISBLANK(Defaults.K235),Defaults.L235,LOOKUP(Defaults.K235,'Tag List'.$W$2:$W$1000,'Tag List'.$X$2:$X$1000))	
=IF(ISBLANK(Defaults.K236),Defaults.L236,LOOKUP(Defaults.K236,'Tag List'.$W$2:$W$1000,'Tag List'.$X$2:$X$1000))	
=IF(ISBLANK(Defaults.K237),Defaults.L237,LOOKUP(Defaults.K237,'Tag List'.$W$2:$W$1000,'Tag List'.$X$2:$X$1000))	
=IF(ISBLANK(Defaults.K238),Defaults.L238,LOOKUP(Defaults.K238,'Tag List'.$W$2:$W$1000,'Tag List'.$X$2:$X$1000))	
=IF(ISBLANK(Defaults.K239),Defaults.L239,LOOKUP(Defaults.K239,'Tag List'.$W$2:$W$1000,'Tag List'.$X$2:$X$1000))	
=IF(ISBLANK(Defaults.K240),Defaults.L240,LOOKUP(Defaults.K240,'Tag List'.$W$2:$W$1000,'Tag List'.$X$2:$X$1000))	
=IF(ISBLANK(Defaults.K241),Defaults.L241,LOOKUP(Defaults.K241,'Tag List'.$W$2:$W$1000,'Tag List'.$X$2:$X$1000))	
=IF(ISBLANK(Defaults.K242),Defaults.L242,LOOKUP(Defaults.K242,'Tag List'.$W$2:$W$1000,'Tag List'.$X$2:$X$1000))	
=IF(ISBLANK(Defaults.K243),Defaults.L243,LOOKUP(Defaults.K243,'Tag List'.$W$2:$W$1000,'Tag List'.$X$2:$X$1000))	
=IF(ISBLANK(Defaults.K244),Defaults.L244,LOOKUP(Defaults.K244,'Tag List'.$W$2:$W$1000,'Tag List'.$X$2:$X$1000))	
=IF(ISBLANK(Defaults.K245),Defaults.L245,LOOKUP(Defaults.K245,'Tag List'.$W$2:$W$1000,'Tag List'.$X$2:$X$1000))	
=IF(ISBLANK(Defaults.K246),Defaults.L246,LOOKUP(Defaults.K246,'Tag List'.$W$2:$W$1000,'Tag List'.$X$2:$X$1000))	
=IF(ISBLANK(Defaults.K247),Defaults.L247,LOOKUP(Defaults.K247,'Tag List'.$W$2:$W$1000,'Tag List'.$X$2:$X$1000))	
=IF(ISBLANK(Defaults.K248),Defaults.L248,LOOKUP(Defaults.K248,'Tag List'.$W$2:$W$1000,'Tag List'.$X$2:$X$1000))	
=IF(ISBLANK(Defaults.K249),Defaults.L249,LOOKUP(Defaults.K249,'Tag List'.$W$2:$W$1000,'Tag List'.$X$2:$X$1000))	
=IF(ISBLANK(Defaults.K250),Defaults.L250,LOOKUP(Defaults.K250,'Tag List'.$W$2:$W$1000,'Tag List'.$X$2:$X$1000))	
=IF(ISBLANK(Defaults.K251),Defaults.L251,LOOKUP(Defaults.K251,'Tag List'.$W$2:$W$1000,'Tag List'.$X$2:$X$1000))	
=IF(ISBLANK(Defaults.K252),Defaults.L252,LOOKUP(Defaults.K252,'Tag List'.$W$2:$W$1000,'Tag List'.$X$2:$X$1000))	
=IF(ISBLANK(Defaults.K253),Defaults.L253,LOOKUP(Defaults.K253,'Tag List'.$W$2:$W$1000,'Tag List'.$X$2:$X$1000))	
=IF(ISBLANK(Defaults.K254),Defaults.L254,LOOKUP(Defaults.K254,'Tag List'.$W$2:$W$1000,'Tag List'.$X$2:$X$1000))	
=IF(ISBLANK(Defaults.K255),Defaults.L255,LOOKUP(Defaults.K255,'Tag List'.$W$2:$W$1000,'Tag List'.$X$2:$X$1000))	
=IF(ISBLANK(Defaults.K256),Defaults.L256,LOOKUP(Defaults.K256,'Tag List'.$W$2:$W$1000,'Tag List'.$X$2:$X$1000))	
=IF(ISBLANK(Defaults.K257),Defaults.L257,LOOKUP(Defaults.K257,'Tag List'.$W$2:$W$1000,'Tag List'.$X$2:$X$1000))	
=IF(ISBLANK(Defaults.K258),Defaults.L258,LOOKUP(Defaults.K258,'Tag List'.$W$2:$W$1000,'Tag List'.$X$2:$X$1000))	
=IF(ISBLANK(Defaults.K259),Defaults.L259,LOOKUP(Defaults.K259,'Tag List'.$W$2:$W$1000,'Tag List'.$X$2:$X$1000))	
=IF(ISBLANK(Defaults.K260),Defaults.L260,LOOKUP(Defaults.K260,'Tag List'.$W$2:$W$1000,'Tag List'.$X$2:$X$1000))	
=IF(ISBLANK(Defaults.K261),Defaults.L261,LOOKUP(Defaults.K261,'Tag List'.$W$2:$W$1000,'Tag List'.$X$2:$X$1000))	
=IF(ISBLANK(Defaults.K262),Defaults.L262,LOOKUP(Defaults.K262,'Tag List'.$W$2:$W$1000,'Tag List'.$X$2:$X$1000))	
=IF(ISBLANK(Defaults.K263),Defaults.L263,LOOKUP(Defaults.K263,'Tag List'.$W$2:$W$1000,'Tag List'.$X$2:$X$1000))	
=IF(ISBLANK(Defaults.K264),Defaults.L264,LOOKUP(Defaults.K264,'Tag List'.$W$2:$W$1000,'Tag List'.$X$2:$X$1000))	
=IF(ISBLANK(Defaults.K265),Defaults.L265,LOOKUP(Defaults.K265,'Tag List'.$W$2:$W$1000,'Tag List'.$X$2:$X$1000))	
=IF(ISBLANK(Defaults.K266),Defaults.L266,LOOKUP(Defaults.K266,'Tag List'.$W$2:$W$1000,'Tag List'.$X$2:$X$1000))	
=IF(ISBLANK(Defaults.K267),Defaults.L267,LOOKUP(Defaults.K267,'Tag List'.$W$2:$W$1000,'Tag List'.$X$2:$X$1000))	
=IF(ISBLANK(Defaults.K268),Defaults.L268,LOOKUP(Defaults.K268,'Tag List'.$W$2:$W$1000,'Tag List'.$X$2:$X$1000))	
=IF(ISBLANK(Defaults.K269),Defaults.L269,LOOKUP(Defaults.K269,'Tag List'.$W$2:$W$1000,'Tag List'.$X$2:$X$1000))	
=IF(ISBLANK(Defaults.K270),Defaults.L270,LOOKUP(Defaults.K270,'Tag List'.$W$2:$W$1000,'Tag List'.$X$2:$X$1000))	
=IF(ISBLANK(Defaults.K271),Defaults.L271,LOOKUP(Defaults.K271,'Tag List'.$W$2:$W$1000,'Tag List'.$X$2:$X$1000))	
=IF(ISBLANK(Defaults.K272),Defaults.L272,LOOKUP(Defaults.K272,'Tag List'.$W$2:$W$1000,'Tag List'.$X$2:$X$1000))	
=IF(ISBLANK(Defaults.K273),Defaults.L273,LOOKUP(Defaults.K273,'Tag List'.$W$2:$W$1000,'Tag List'.$X$2:$X$1000))	
=IF(ISBLANK(Defaults.K274),Defaults.L274,LOOKUP(Defaults.K274,'Tag List'.$W$2:$W$1000,'Tag List'.$X$2:$X$1000))	
=IF(ISBLANK(Defaults.K275),Defaults.L275,LOOKUP(Defaults.K275,'Tag List'.$W$2:$W$1000,'Tag List'.$X$2:$X$1000))	
=IF(ISBLANK(Defaults.K276),Defaults.L276,LOOKUP(Defaults.K276,'Tag List'.$W$2:$W$1000,'Tag List'.$X$2:$X$1000))	
=IF(ISBLANK(Defaults.K277),Defaults.L277,LOOKUP(Defaults.K277,'Tag List'.$W$2:$W$1000,'Tag List'.$X$2:$X$1000))	
=IF(ISBLANK(Defaults.K278),Defaults.L278,LOOKUP(Defaults.K278,'Tag List'.$W$2:$W$1000,'Tag List'.$X$2:$X$1000))	
=IF(ISBLANK(Defaults.K279),Defaults.L279,LOOKUP(Defaults.K279,'Tag List'.$W$2:$W$1000,'Tag List'.$X$2:$X$1000))	
=IF(ISBLANK(Defaults.K280),Defaults.L280,LOOKUP(Defaults.K280,'Tag List'.$W$2:$W$1000,'Tag List'.$X$2:$X$1000))	
=IF(ISBLANK(Defaults.K281),Defaults.L281,LOOKUP(Defaults.K281,'Tag List'.$W$2:$W$1000,'Tag List'.$X$2:$X$1000))	
=IF(ISBLANK(Defaults.K282),Defaults.L282,LOOKUP(Defaults.K282,'Tag List'.$W$2:$W$1000,'Tag List'.$X$2:$X$1000))	
=IF(ISBLANK(Defaults.K283),Defaults.L283,LOOKUP(Defaults.K283,'Tag List'.$W$2:$W$1000,'Tag List'.$X$2:$X$1000))	
=IF(ISBLANK(Defaults.K284),Defaults.L284,LOOKUP(Defaults.K284,'Tag List'.$W$2:$W$1000,'Tag List'.$X$2:$X$1000))	
=IF(ISBLANK(Defaults.K285),Defaults.L285,LOOKUP(Defaults.K285,'Tag List'.$W$2:$W$1000,'Tag List'.$X$2:$X$1000))	
=IF(ISBLANK(Defaults.K286),Defaults.L286,LOOKUP(Defaults.K286,'Tag List'.$W$2:$W$1000,'Tag List'.$X$2:$X$1000))	
=IF(ISBLANK(Defaults.K287),Defaults.L287,LOOKUP(Defaults.K287,'Tag List'.$W$2:$W$1000,'Tag List'.$X$2:$X$1000))	
=IF(ISBLANK(Defaults.K288),Defaults.L288,LOOKUP(Defaults.K288,'Tag List'.$W$2:$W$1000,'Tag List'.$X$2:$X$1000))	
=IF(ISBLANK(Defaults.K289),Defaults.L289,LOOKUP(Defaults.K289,'Tag List'.$W$2:$W$1000,'Tag List'.$X$2:$X$1000))	
=IF(ISBLANK(Defaults.K290),Defaults.L290,LOOKUP(Defaults.K290,'Tag List'.$W$2:$W$1000,'Tag List'.$X$2:$X$1000))	
=IF(ISBLANK(Defaults.K291),Defaults.L291,LOOKUP(Defaults.K291,'Tag List'.$W$2:$W$1000,'Tag List'.$X$2:$X$1000))	
=IF(ISBLANK(Defaults.K292),Defaults.L292,LOOKUP(Defaults.K292,'Tag List'.$W$2:$W$1000,'Tag List'.$X$2:$X$1000))	
=IF(ISBLANK(Defaults.K293),Defaults.L293,LOOKUP(Defaults.K293,'Tag List'.$W$2:$W$1000,'Tag List'.$X$2:$X$1000))	
=IF(ISBLANK(Defaults.K294),Defaults.L294,LOOKUP(Defaults.K294,'Tag List'.$W$2:$W$1000,'Tag List'.$X$2:$X$1000))	
=IF(ISBLANK(Defaults.K295),Defaults.L295,LOOKUP(Defaults.K295,'Tag List'.$W$2:$W$1000,'Tag List'.$X$2:$X$1000))	
=IF(ISBLANK(Defaults.K296),Defaults.L296,LOOKUP(Defaults.K296,'Tag List'.$W$2:$W$1000,'Tag List'.$X$2:$X$1000))	
=IF(ISBLANK(Defaults.K297),Defaults.L297,LOOKUP(Defaults.K297,'Tag List'.$W$2:$W$1000,'Tag List'.$X$2:$X$1000))	
=IF(ISBLANK(Defaults.K298),Defaults.L298,LOOKUP(Defaults.K298,'Tag List'.$W$2:$W$1000,'Tag List'.$X$2:$X$1000))	
=IF(ISBLANK(Defaults.K299),Defaults.L299,LOOKUP(Defaults.K299,'Tag List'.$W$2:$W$1000,'Tag List'.$X$2:$X$1000))	
=IF(ISBLANK(Defaults.K300),Defaults.L300,LOOKUP(Defaults.K300,'Tag List'.$W$2:$W$1000,'Tag List'.$X$2:$X$1000))	
=IF(ISBLANK(Defaults.K301),Defaults.L301,LOOKUP(Defaults.K301,'Tag List'.$W$2:$W$1000,'Tag List'.$X$2:$X$1000))	
=IF(ISBLANK(Defaults.K302),Defaults.L302,LOOKUP(Defaults.K302,'Tag List'.$W$2:$W$1000,'Tag List'.$X$2:$X$1000))	
=IF(ISBLANK(Defaults.K303),Defaults.L303,LOOKUP(Defaults.K303,'Tag List'.$W$2:$W$1000,'Tag List'.$X$2:$X$1000))	
=IF(ISBLANK(Defaults.K304),Defaults.L304,LOOKUP(Defaults.K304,'Tag List'.$W$2:$W$1000,'Tag List'.$X$2:$X$1000))	
=IF(ISBLANK(Defaults.K305),Defaults.L305,LOOKUP(Defaults.K305,'Tag List'.$W$2:$W$1000,'Tag List'.$X$2:$X$1000))	
=IF(ISBLANK(Defaults.K306),Defaults.L306,LOOKUP(Defaults.K306,'Tag List'.$W$2:$W$1000,'Tag List'.$X$2:$X$1000))	
=IF(ISBLANK(Defaults.K307),Defaults.L307,LOOKUP(Defaults.K307,'Tag List'.$W$2:$W$1000,'Tag List'.$X$2:$X$1000))	
=IF(ISBLANK(Defaults.K308),Defaults.L308,LOOKUP(Defaults.K308,'Tag List'.$W$2:$W$1000,'Tag List'.$X$2:$X$1000))	
=IF(ISBLANK(Defaults.K309),Defaults.L309,LOOKUP(Defaults.K309,'Tag List'.$W$2:$W$1000,'Tag List'.$X$2:$X$1000))	
=IF(ISBLANK(Defaults.K310),Defaults.L310,LOOKUP(Defaults.K310,'Tag List'.$W$2:$W$1000,'Tag List'.$X$2:$X$1000))	
=IF(ISBLANK(Defaults.K311),Defaults.L311,LOOKUP(Defaults.K311,'Tag List'.$W$2:$W$1000,'Tag List'.$X$2:$X$1000))	
=IF(ISBLANK(Defaults.K312),Defaults.L312,LOOKUP(Defaults.K312,'Tag List'.$W$2:$W$1000,'Tag List'.$X$2:$X$1000))	
=IF(ISBLANK(Defaults.K313),Defaults.L313,LOOKUP(Defaults.K313,'Tag List'.$W$2:$W$1000,'Tag List'.$X$2:$X$1000))	
=IF(ISBLANK(Defaults.K314),Defaults.L314,LOOKUP(Defaults.K314,'Tag List'.$W$2:$W$1000,'Tag List'.$X$2:$X$1000))	
=IF(ISBLANK(Defaults.K315),Defaults.L315,LOOKUP(Defaults.K315,'Tag List'.$W$2:$W$1000,'Tag List'.$X$2:$X$1000))	
=IF(ISBLANK(Defaults.K316),Defaults.L316,LOOKUP(Defaults.K316,'Tag List'.$W$2:$W$1000,'Tag List'.$X$2:$X$1000))	
=IF(ISBLANK(Defaults.K317),Defaults.L317,LOOKUP(Defaults.K317,'Tag List'.$W$2:$W$1000,'Tag List'.$X$2:$X$1000))	
=IF(ISBLANK(Defaults.K318),Defaults.L318,LOOKUP(Defaults.K318,'Tag List'.$W$2:$W$1000,'Tag List'.$X$2:$X$1000))	
=IF(ISBLANK(Defaults.K319),Defaults.L319,LOOKUP(Defaults.K319,'Tag List'.$W$2:$W$1000,'Tag List'.$X$2:$X$1000))	
=IF(ISBLANK(Defaults.K320),Defaults.L320,LOOKUP(Defaults.K320,'Tag List'.$W$2:$W$1000,'Tag List'.$X$2:$X$1000))	
=IF(ISBLANK(Defaults.K321),Defaults.L321,LOOKUP(Defaults.K321,'Tag List'.$W$2:$W$1000,'Tag List'.$X$2:$X$1000))	
=IF(ISBLANK(Defaults.K322),Defaults.L322,LOOKUP(Defaults.K322,'Tag List'.$W$2:$W$1000,'Tag List'.$X$2:$X$1000))	
=IF(ISBLANK(Defaults.K323),Defaults.L323,LOOKUP(Defaults.K323,'Tag List'.$W$2:$W$1000,'Tag List'.$X$2:$X$1000))	
=IF(ISBLANK(Defaults.K324),Defaults.L324,LOOKUP(Defaults.K324,'Tag List'.$W$2:$W$1000,'Tag List'.$X$2:$X$1000))	
=IF(ISBLANK(Defaults.K325),Defaults.L325,LOOKUP(Defaults.K325,'Tag List'.$W$2:$W$1000,'Tag List'.$X$2:$X$1000))	
=IF(ISBLANK(Defaults.K326),Defaults.L326,LOOKUP(Defaults.K326,'Tag List'.$W$2:$W$1000,'Tag List'.$X$2:$X$1000))	
=IF(ISBLANK(Defaults.K327),Defaults.L327,LOOKUP(Defaults.K327,'Tag List'.$W$2:$W$1000,'Tag List'.$X$2:$X$1000))	
=IF(ISBLANK(Defaults.K328),Defaults.L328,LOOKUP(Defaults.K328,'Tag List'.$W$2:$W$1000,'Tag List'.$X$2:$X$1000))	
=IF(ISBLANK(Defaults.K329),Defaults.L329,LOOKUP(Defaults.K329,'Tag List'.$W$2:$W$1000,'Tag List'.$X$2:$X$1000))	
=IF(ISBLANK(Defaults.K330),Defaults.L330,LOOKUP(Defaults.K330,'Tag List'.$W$2:$W$1000,'Tag List'.$X$2:$X$1000))	
=IF(ISBLANK(Defaults.K331),Defaults.L331,LOOKUP(Defaults.K331,'Tag List'.$W$2:$W$1000,'Tag List'.$X$2:$X$1000))	
=IF(ISBLANK(Defaults.K332),Defaults.L332,LOOKUP(Defaults.K332,'Tag List'.$W$2:$W$1000,'Tag List'.$X$2:$X$1000))	
=IF(ISBLANK(Defaults.K333),Defaults.L333,LOOKUP(Defaults.K333,'Tag List'.$W$2:$W$1000,'Tag List'.$X$2:$X$1000))	
=IF(ISBLANK(Defaults.K334),Defaults.L334,LOOKUP(Defaults.K334,'Tag List'.$W$2:$W$1000,'Tag List'.$X$2:$X$1000))	
=IF(ISBLANK(Defaults.K335),Defaults.L335,LOOKUP(Defaults.K335,'Tag List'.$W$2:$W$1000,'Tag List'.$X$2:$X$1000))	
=IF(ISBLANK(Defaults.K336),Defaults.L336,LOOKUP(Defaults.K336,'Tag List'.$W$2:$W$1000,'Tag List'.$X$2:$X$1000))	
=IF(ISBLANK(Defaults.K337),Defaults.L337,LOOKUP(Defaults.K337,'Tag List'.$W$2:$W$1000,'Tag List'.$X$2:$X$1000))	
=IF(ISBLANK(Defaults.K338),Defaults.L338,LOOKUP(Defaults.K338,'Tag List'.$W$2:$W$1000,'Tag List'.$X$2:$X$1000))	
=IF(ISBLANK(Defaults.K339),Defaults.L339,LOOKUP(Defaults.K339,'Tag List'.$W$2:$W$1000,'Tag List'.$X$2:$X$1000))	
=IF(ISBLANK(Defaults.K340),Defaults.L340,LOOKUP(Defaults.K340,'Tag List'.$W$2:$W$1000,'Tag List'.$X$2:$X$1000))	
=IF(ISBLANK(Defaults.K341),Defaults.L341,LOOKUP(Defaults.K341,'Tag List'.$W$2:$W$1000,'Tag List'.$X$2:$X$1000))	
=IF(ISBLANK(Defaults.K342),Defaults.L342,LOOKUP(Defaults.K342,'Tag List'.$W$2:$W$1000,'Tag List'.$X$2:$X$1000))	
=IF(ISBLANK(Defaults.K343),Defaults.L343,LOOKUP(Defaults.K343,'Tag List'.$W$2:$W$1000,'Tag List'.$X$2:$X$1000))	
=IF(ISBLANK(Defaults.K344),Defaults.L344,LOOKUP(Defaults.K344,'Tag List'.$W$2:$W$1000,'Tag List'.$X$2:$X$1000))	
=IF(ISBLANK(Defaults.K345),Defaults.L345,LOOKUP(Defaults.K345,'Tag List'.$W$2:$W$1000,'Tag List'.$X$2:$X$1000))	
=IF(ISBLANK(Defaults.K346),Defaults.L346,LOOKUP(Defaults.K346,'Tag List'.$W$2:$W$1000,'Tag List'.$X$2:$X$1000))	
=IF(ISBLANK(Defaults.K347),Defaults.L347,LOOKUP(Defaults.K347,'Tag List'.$W$2:$W$1000,'Tag List'.$X$2:$X$1000))	
=IF(ISBLANK(Defaults.K348),Defaults.L348,LOOKUP(Defaults.K348,'Tag List'.$W$2:$W$1000,'Tag List'.$X$2:$X$1000))	
=IF(ISBLANK(Defaults.K349),Defaults.L349,LOOKUP(Defaults.K349,'Tag List'.$W$2:$W$1000,'Tag List'.$X$2:$X$1000))	
=IF(ISBLANK(Defaults.K350),Defaults.L350,LOOKUP(Defaults.K350,'Tag List'.$W$2:$W$1000,'Tag List'.$X$2:$X$1000))	
=IF(ISBLANK(Defaults.K351),Defaults.L351,LOOKUP(Defaults.K351,'Tag List'.$W$2:$W$1000,'Tag List'.$X$2:$X$1000))	
=IF(ISBLANK(Defaults.K352),Defaults.L352,LOOKUP(Defaults.K352,'Tag List'.$W$2:$W$1000,'Tag List'.$X$2:$X$1000))	
=IF(ISBLANK(Defaults.K353),Defaults.L353,LOOKUP(Defaults.K353,'Tag List'.$W$2:$W$1000,'Tag List'.$X$2:$X$1000))	
=IF(ISBLANK(Defaults.K354),Defaults.L354,LOOKUP(Defaults.K354,'Tag List'.$W$2:$W$1000,'Tag List'.$X$2:$X$1000))	
=IF(ISBLANK(Defaults.K355),Defaults.L355,LOOKUP(Defaults.K355,'Tag List'.$W$2:$W$1000,'Tag List'.$X$2:$X$1000))	
=IF(ISBLANK(Defaults.K356),Defaults.L356,LOOKUP(Defaults.K356,'Tag List'.$W$2:$W$1000,'Tag List'.$X$2:$X$1000))	
=IF(ISBLANK(Defaults.K357),Defaults.L357,LOOKUP(Defaults.K357,'Tag List'.$W$2:$W$1000,'Tag List'.$X$2:$X$1000))	
=IF(ISBLANK(Defaults.K358),Defaults.L358,LOOKUP(Defaults.K358,'Tag List'.$W$2:$W$1000,'Tag List'.$X$2:$X$1000))	
=IF(ISBLANK(Defaults.K359),Defaults.L359,LOOKUP(Defaults.K359,'Tag List'.$W$2:$W$1000,'Tag List'.$X$2:$X$1000))	
=IF(ISBLANK(Defaults.K360),Defaults.L360,LOOKUP(Defaults.K360,'Tag List'.$W$2:$W$1000,'Tag List'.$X$2:$X$1000))	
=IF(ISBLANK(Defaults.K361),Defaults.L361,LOOKUP(Defaults.K361,'Tag List'.$W$2:$W$1000,'Tag List'.$X$2:$X$1000))	
=IF(ISBLANK(Defaults.K362),Defaults.L362,LOOKUP(Defaults.K362,'Tag List'.$W$2:$W$1000,'Tag List'.$X$2:$X$1000))	
=IF(ISBLANK(Defaults.K363),Defaults.L363,LOOKUP(Defaults.K363,'Tag List'.$W$2:$W$1000,'Tag List'.$X$2:$X$1000))	
=IF(ISBLANK(Defaults.K364),Defaults.L364,LOOKUP(Defaults.K364,'Tag List'.$W$2:$W$1000,'Tag List'.$X$2:$X$1000))	
=IF(ISBLANK(Defaults.K365),Defaults.L365,LOOKUP(Defaults.K365,'Tag List'.$W$2:$W$1000,'Tag List'.$X$2:$X$1000))	
=IF(ISBLANK(Defaults.K366),Defaults.L366,LOOKUP(Defaults.K366,'Tag List'.$W$2:$W$1000,'Tag List'.$X$2:$X$1000))	
=IF(ISBLANK(Defaults.K367),Defaults.L367,LOOKUP(Defaults.K367,'Tag List'.$W$2:$W$1000,'Tag List'.$X$2:$X$1000))	
=IF(ISBLANK(Defaults.K368),Defaults.L368,LOOKUP(Defaults.K368,'Tag List'.$W$2:$W$1000,'Tag List'.$X$2:$X$1000))	
=IF(ISBLANK(Defaults.K369),Defaults.L369,LOOKUP(Defaults.K369,'Tag List'.$W$2:$W$1000,'Tag List'.$X$2:$X$1000))	
=IF(ISBLANK(Defaults.K370),Defaults.L370,LOOKUP(Defaults.K370,'Tag List'.$W$2:$W$1000,'Tag List'.$X$2:$X$1000))	
=IF(ISBLANK(Defaults.K371),Defaults.L371,LOOKUP(Defaults.K371,'Tag List'.$W$2:$W$1000,'Tag List'.$X$2:$X$1000))	
=IF(ISBLANK(Defaults.K372),Defaults.L372,LOOKUP(Defaults.K372,'Tag List'.$W$2:$W$1000,'Tag List'.$X$2:$X$1000))	
=IF(ISBLANK(Defaults.K373),Defaults.L373,LOOKUP(Defaults.K373,'Tag List'.$W$2:$W$1000,'Tag List'.$X$2:$X$1000))	
=IF(ISBLANK(Defaults.K374),Defaults.L374,LOOKUP(Defaults.K374,'Tag List'.$W$2:$W$1000,'Tag List'.$X$2:$X$1000))	
=IF(ISBLANK(Defaults.K375),Defaults.L375,LOOKUP(Defaults.K375,'Tag List'.$W$2:$W$1000,'Tag List'.$X$2:$X$1000))	
=IF(ISBLANK(Defaults.K376),Defaults.L376,LOOKUP(Defaults.K376,'Tag List'.$W$2:$W$1000,'Tag List'.$X$2:$X$1000))	
=IF(ISBLANK(Defaults.K377),Defaults.L377,LOOKUP(Defaults.K377,'Tag List'.$W$2:$W$1000,'Tag List'.$X$2:$X$1000))	
=IF(ISBLANK(Defaults.K378),Defaults.L378,LOOKUP(Defaults.K378,'Tag List'.$W$2:$W$1000,'Tag List'.$X$2:$X$1000))	
=IF(ISBLANK(Defaults.K379),Defaults.L379,LOOKUP(Defaults.K379,'Tag List'.$W$2:$W$1000,'Tag List'.$X$2:$X$1000))	
=IF(ISBLANK(Defaults.K380),Defaults.L380,LOOKUP(Defaults.K380,'Tag List'.$W$2:$W$1000,'Tag List'.$X$2:$X$1000))	
=IF(ISBLANK(Defaults.K381),Defaults.L381,LOOKUP(Defaults.K381,'Tag List'.$W$2:$W$1000,'Tag List'.$X$2:$X$1000))	
=IF(ISBLANK(Defaults.K382),Defaults.L382,LOOKUP(Defaults.K382,'Tag List'.$W$2:$W$1000,'Tag List'.$X$2:$X$1000))	
=IF(ISBLANK(Defaults.K383),Defaults.L383,LOOKUP(Defaults.K383,'Tag List'.$W$2:$W$1000,'Tag List'.$X$2:$X$1000))	
=IF(ISBLANK(Defaults.K384),Defaults.L384,LOOKUP(Defaults.K384,'Tag List'.$W$2:$W$1000,'Tag List'.$X$2:$X$1000))	
=IF(ISBLANK(Defaults.K385),Defaults.L385,LOOKUP(Defaults.K385,'Tag List'.$W$2:$W$1000,'Tag List'.$X$2:$X$1000))	
=IF(ISBLANK(Defaults.K386),Defaults.L386,LOOKUP(Defaults.K386,'Tag List'.$W$2:$W$1000,'Tag List'.$X$2:$X$1000))	
=IF(ISBLANK(Defaults.K387),Defaults.L387,LOOKUP(Defaults.K387,'Tag List'.$W$2:$W$1000,'Tag List'.$X$2:$X$1000))	
=IF(ISBLANK(Defaults.K388),Defaults.L388,LOOKUP(Defaults.K388,'Tag List'.$W$2:$W$1000,'Tag List'.$X$2:$X$1000))	
=IF(ISBLANK(Defaults.K389),Defaults.L389,LOOKUP(Defaults.K389,'Tag List'.$W$2:$W$1000,'Tag List'.$X$2:$X$1000))	
=IF(ISBLANK(Defaults.K390),Defaults.L390,LOOKUP(Defaults.K390,'Tag List'.$W$2:$W$1000,'Tag List'.$X$2:$X$1000))	
=IF(ISBLANK(Defaults.K391),Defaults.L391,LOOKUP(Defaults.K391,'Tag List'.$W$2:$W$1000,'Tag List'.$X$2:$X$1000))	
=IF(ISBLANK(Defaults.K392),Defaults.L392,LOOKUP(Defaults.K392,'Tag List'.$W$2:$W$1000,'Tag List'.$X$2:$X$1000))	
=IF(ISBLANK(Defaults.K393),Defaults.L393,LOOKUP(Defaults.K393,'Tag List'.$W$2:$W$1000,'Tag List'.$X$2:$X$1000))	
=IF(ISBLANK(Defaults.K394),Defaults.L394,LOOKUP(Defaults.K394,'Tag List'.$W$2:$W$1000,'Tag List'.$X$2:$X$1000))	
=IF(ISBLANK(Defaults.K395),Defaults.L395,LOOKUP(Defaults.K395,'Tag List'.$W$2:$W$1000,'Tag List'.$X$2:$X$1000))	
=IF(ISBLANK(Defaults.K396),Defaults.L396,LOOKUP(Defaults.K396,'Tag List'.$W$2:$W$1000,'Tag List'.$X$2:$X$1000))	
=IF(ISBLANK(Defaults.K397),Defaults.L397,LOOKUP(Defaults.K397,'Tag List'.$W$2:$W$1000,'Tag List'.$X$2:$X$1000))	
=IF(ISBLANK(Defaults.K398),Defaults.L398,LOOKUP(Defaults.K398,'Tag List'.$W$2:$W$1000,'Tag List'.$X$2:$X$1000))	
=IF(ISBLANK(Defaults.K399),Defaults.L399,LOOKUP(Defaults.K399,'Tag List'.$W$2:$W$1000,'Tag List'.$X$2:$X$1000))	
=IF(ISBLANK(Defaults.K400),Defaults.L400,LOOKUP(Defaults.K400,'Tag List'.$W$2:$W$1000,'Tag List'.$X$2:$X$1000))	
=IF(ISBLANK(Defaults.K401),Defaults.L401,LOOKUP(Defaults.K401,'Tag List'.$W$2:$W$1000,'Tag List'.$X$2:$X$1000))	
=IF(ISBLANK(Defaults.K402),Defaults.L402,LOOKUP(Defaults.K402,'Tag List'.$W$2:$W$1000,'Tag List'.$X$2:$X$1000))	
=IF(ISBLANK(Defaults.K403),Defaults.L403,LOOKUP(Defaults.K403,'Tag List'.$W$2:$W$1000,'Tag List'.$X$2:$X$1000))	
=IF(ISBLANK(Defaults.K404),Defaults.L404,LOOKUP(Defaults.K404,'Tag List'.$W$2:$W$1000,'Tag List'.$X$2:$X$1000))	
=IF(ISBLANK(Defaults.K405),Defaults.L405,LOOKUP(Defaults.K405,'Tag List'.$W$2:$W$1000,'Tag List'.$X$2:$X$1000))	
=IF(ISBLANK(Defaults.K406),Defaults.L406,LOOKUP(Defaults.K406,'Tag List'.$W$2:$W$1000,'Tag List'.$X$2:$X$1000))	
=IF(ISBLANK(Defaults.K407),Defaults.L407,LOOKUP(Defaults.K407,'Tag List'.$W$2:$W$1000,'Tag List'.$X$2:$X$1000))	
=IF(ISBLANK(Defaults.K408),Defaults.L408,LOOKUP(Defaults.K408,'Tag List'.$W$2:$W$1000,'Tag List'.$X$2:$X$1000))	
=IF(ISBLANK(Defaults.K409),Defaults.L409,LOOKUP(Defaults.K409,'Tag List'.$W$2:$W$1000,'Tag List'.$X$2:$X$1000))	
=IF(ISBLANK(Defaults.K410),Defaults.L410,LOOKUP(Defaults.K410,'Tag List'.$W$2:$W$1000,'Tag List'.$X$2:$X$1000))	
=IF(ISBLANK(Defaults.K411),Defaults.L411,LOOKUP(Defaults.K411,'Tag List'.$W$2:$W$1000,'Tag List'.$X$2:$X$1000))	
=IF(ISBLANK(Defaults.K412),Defaults.L412,LOOKUP(Defaults.K412,'Tag List'.$W$2:$W$1000,'Tag List'.$X$2:$X$1000))	
=IF(ISBLANK(Defaults.K413),Defaults.L413,LOOKUP(Defaults.K413,'Tag List'.$W$2:$W$1000,'Tag List'.$X$2:$X$1000))	
=IF(ISBLANK(Defaults.K414),Defaults.L414,LOOKUP(Defaults.K414,'Tag List'.$W$2:$W$1000,'Tag List'.$X$2:$X$1000))	
=IF(ISBLANK(Defaults.K415),Defaults.L415,LOOKUP(Defaults.K415,'Tag List'.$W$2:$W$1000,'Tag List'.$X$2:$X$1000))	
=IF(ISBLANK(Defaults.K416),Defaults.L416,LOOKUP(Defaults.K416,'Tag List'.$W$2:$W$1000,'Tag List'.$X$2:$X$1000))	
=IF(ISBLANK(Defaults.K417),Defaults.L417,LOOKUP(Defaults.K417,'Tag List'.$W$2:$W$1000,'Tag List'.$X$2:$X$1000))	
=IF(ISBLANK(Defaults.K418),Defaults.L418,LOOKUP(Defaults.K418,'Tag List'.$W$2:$W$1000,'Tag List'.$X$2:$X$1000))	
=IF(ISBLANK(Defaults.K419),Defaults.L419,LOOKUP(Defaults.K419,'Tag List'.$W$2:$W$1000,'Tag List'.$X$2:$X$1000))	
=IF(ISBLANK(Defaults.K420),Defaults.L420,LOOKUP(Defaults.K420,'Tag List'.$W$2:$W$1000,'Tag List'.$X$2:$X$1000))	
=IF(ISBLANK(Defaults.K421),Defaults.L421,LOOKUP(Defaults.K421,'Tag List'.$W$2:$W$1000,'Tag List'.$X$2:$X$1000))	
=IF(ISBLANK(Defaults.K422),Defaults.L422,LOOKUP(Defaults.K422,'Tag List'.$W$2:$W$1000,'Tag List'.$X$2:$X$1000))	
=IF(ISBLANK(Defaults.K423),Defaults.L423,LOOKUP(Defaults.K423,'Tag List'.$W$2:$W$1000,'Tag List'.$X$2:$X$1000))	
=IF(ISBLANK(Defaults.K424),Defaults.L424,LOOKUP(Defaults.K424,'Tag List'.$W$2:$W$1000,'Tag List'.$X$2:$X$1000))	
=IF(ISBLANK(Defaults.K425),Defaults.L425,LOOKUP(Defaults.K425,'Tag List'.$W$2:$W$1000,'Tag List'.$X$2:$X$1000))	
=IF(ISBLANK(Defaults.K426),Defaults.L426,LOOKUP(Defaults.K426,'Tag List'.$W$2:$W$1000,'Tag List'.$X$2:$X$1000))	
=IF(ISBLANK(Defaults.K427),Defaults.L427,LOOKUP(Defaults.K427,'Tag List'.$W$2:$W$1000,'Tag List'.$X$2:$X$1000))	
=IF(ISBLANK(Defaults.K428),Defaults.L428,LOOKUP(Defaults.K428,'Tag List'.$W$2:$W$1000,'Tag List'.$X$2:$X$1000))	
=IF(ISBLANK(Defaults.K429),Defaults.L429,LOOKUP(Defaults.K429,'Tag List'.$W$2:$W$1000,'Tag List'.$X$2:$X$1000))	
=IF(ISBLANK(Defaults.K430),Defaults.L430,LOOKUP(Defaults.K430,'Tag List'.$W$2:$W$1000,'Tag List'.$X$2:$X$1000))	
=IF(ISBLANK(Defaults.K431),Defaults.L431,LOOKUP(Defaults.K431,'Tag List'.$W$2:$W$1000,'Tag List'.$X$2:$X$1000))	
=IF(ISBLANK(Defaults.K432),Defaults.L432,LOOKUP(Defaults.K432,'Tag List'.$W$2:$W$1000,'Tag List'.$X$2:$X$1000))	
=IF(ISBLANK(Defaults.K433),Defaults.L433,LOOKUP(Defaults.K433,'Tag List'.$W$2:$W$1000,'Tag List'.$X$2:$X$1000))	
=IF(ISBLANK(Defaults.K434),Defaults.L434,LOOKUP(Defaults.K434,'Tag List'.$W$2:$W$1000,'Tag List'.$X$2:$X$1000))	
=IF(ISBLANK(Defaults.K435),Defaults.L435,LOOKUP(Defaults.K435,'Tag List'.$W$2:$W$1000,'Tag List'.$X$2:$X$1000))	
=IF(ISBLANK(Defaults.K436),Defaults.L436,LOOKUP(Defaults.K436,'Tag List'.$W$2:$W$1000,'Tag List'.$X$2:$X$1000))	
=IF(ISBLANK(Defaults.K437),Defaults.L437,LOOKUP(Defaults.K437,'Tag List'.$W$2:$W$1000,'Tag List'.$X$2:$X$1000))	
=IF(ISBLANK(Defaults.K438),Defaults.L438,LOOKUP(Defaults.K438,'Tag List'.$W$2:$W$1000,'Tag List'.$X$2:$X$1000))	
=IF(ISBLANK(Defaults.K439),Defaults.L439,LOOKUP(Defaults.K439,'Tag List'.$W$2:$W$1000,'Tag List'.$X$2:$X$1000))	
=IF(ISBLANK(Defaults.K440),Defaults.L440,LOOKUP(Defaults.K440,'Tag List'.$W$2:$W$1000,'Tag List'.$X$2:$X$1000))	
=IF(ISBLANK(Defaults.K441),Defaults.L441,LOOKUP(Defaults.K441,'Tag List'.$W$2:$W$1000,'Tag List'.$X$2:$X$1000))	
=IF(ISBLANK(Defaults.K442),Defaults.L442,LOOKUP(Defaults.K442,'Tag List'.$W$2:$W$1000,'Tag List'.$X$2:$X$1000))	
=IF(ISBLANK(Defaults.K443),Defaults.L443,LOOKUP(Defaults.K443,'Tag List'.$W$2:$W$1000,'Tag List'.$X$2:$X$1000))	
=IF(ISBLANK(Defaults.K444),Defaults.L444,LOOKUP(Defaults.K444,'Tag List'.$W$2:$W$1000,'Tag List'.$X$2:$X$1000))	
=IF(ISBLANK(Defaults.K445),Defaults.L445,LOOKUP(Defaults.K445,'Tag List'.$W$2:$W$1000,'Tag List'.$X$2:$X$1000))	
=IF(ISBLANK(Defaults.K446),Defaults.L446,LOOKUP(Defaults.K446,'Tag List'.$W$2:$W$1000,'Tag List'.$X$2:$X$1000))	
=IF(ISBLANK(Defaults.K447),Defaults.L447,LOOKUP(Defaults.K447,'Tag List'.$W$2:$W$1000,'Tag List'.$X$2:$X$1000))	
=IF(ISBLANK(Defaults.K448),Defaults.L448,LOOKUP(Defaults.K448,'Tag List'.$W$2:$W$1000,'Tag List'.$X$2:$X$1000))	
=IF(ISBLANK(Defaults.K449),Defaults.L449,LOOKUP(Defaults.K449,'Tag List'.$W$2:$W$1000,'Tag List'.$X$2:$X$1000))	
=IF(ISBLANK(Defaults.K450),Defaults.L450,LOOKUP(Defaults.K450,'Tag List'.$W$2:$W$1000,'Tag List'.$X$2:$X$1000))	
=IF(ISBLANK(Defaults.K451),Defaults.L451,LOOKUP(Defaults.K451,'Tag List'.$W$2:$W$1000,'Tag List'.$X$2:$X$1000))	
=IF(ISBLANK(Defaults.K452),Defaults.L452,LOOKUP(Defaults.K452,'Tag List'.$W$2:$W$1000,'Tag List'.$X$2:$X$1000))	
=IF(ISBLANK(Defaults.K453),Defaults.L453,LOOKUP(Defaults.K453,'Tag List'.$W$2:$W$1000,'Tag List'.$X$2:$X$1000))	
=IF(ISBLANK(Defaults.K454),Defaults.L454,LOOKUP(Defaults.K454,'Tag List'.$W$2:$W$1000,'Tag List'.$X$2:$X$1000))	
=IF(ISBLANK(Defaults.K455),Defaults.L455,LOOKUP(Defaults.K455,'Tag List'.$W$2:$W$1000,'Tag List'.$X$2:$X$1000))	
=IF(ISBLANK(Defaults.K456),Defaults.L456,LOOKUP(Defaults.K456,'Tag List'.$W$2:$W$1000,'Tag List'.$X$2:$X$1000))	
=IF(ISBLANK(Defaults.K457),Defaults.L457,LOOKUP(Defaults.K457,'Tag List'.$W$2:$W$1000,'Tag List'.$X$2:$X$1000))	
=IF(ISBLANK(Defaults.K458),Defaults.L458,LOOKUP(Defaults.K458,'Tag List'.$W$2:$W$1000,'Tag List'.$X$2:$X$1000))	
=IF(ISBLANK(Defaults.K459),Defaults.L459,LOOKUP(Defaults.K459,'Tag List'.$W$2:$W$1000,'Tag List'.$X$2:$X$1000))	
=IF(ISBLANK(Defaults.K460),Defaults.L460,LOOKUP(Defaults.K460,'Tag List'.$W$2:$W$1000,'Tag List'.$X$2:$X$1000))	
=IF(ISBLANK(Defaults.K461),Defaults.L461,LOOKUP(Defaults.K461,'Tag List'.$W$2:$W$1000,'Tag List'.$X$2:$X$1000))	
=IF(ISBLANK(Defaults.K462),Defaults.L462,LOOKUP(Defaults.K462,'Tag List'.$W$2:$W$1000,'Tag List'.$X$2:$X$1000))	
=IF(ISBLANK(Defaults.K463),Defaults.L463,LOOKUP(Defaults.K463,'Tag List'.$W$2:$W$1000,'Tag List'.$X$2:$X$1000))	
=IF(ISBLANK(Defaults.K464),Defaults.L464,LOOKUP(Defaults.K464,'Tag List'.$W$2:$W$1000,'Tag List'.$X$2:$X$1000))	
=IF(ISBLANK(Defaults.K465),Defaults.L465,LOOKUP(Defaults.K465,'Tag List'.$W$2:$W$1000,'Tag List'.$X$2:$X$1000))	
=IF(ISBLANK(Defaults.K466),Defaults.L466,LOOKUP(Defaults.K466,'Tag List'.$W$2:$W$1000,'Tag List'.$X$2:$X$1000))	
=IF(ISBLANK(Defaults.K467),Defaults.L467,LOOKUP(Defaults.K467,'Tag List'.$W$2:$W$1000,'Tag List'.$X$2:$X$1000))	
=IF(ISBLANK(Defaults.K468),Defaults.L468,LOOKUP(Defaults.K468,'Tag List'.$W$2:$W$1000,'Tag List'.$X$2:$X$1000))	
=IF(ISBLANK(Defaults.K469),Defaults.L469,LOOKUP(Defaults.K469,'Tag List'.$W$2:$W$1000,'Tag List'.$X$2:$X$1000))	
=IF(ISBLANK(Defaults.K470),Defaults.L470,LOOKUP(Defaults.K470,'Tag List'.$W$2:$W$1000,'Tag List'.$X$2:$X$1000))	
=IF(ISBLANK(Defaults.K471),Defaults.L471,LOOKUP(Defaults.K471,'Tag List'.$W$2:$W$1000,'Tag List'.$X$2:$X$1000))	
=IF(ISBLANK(Defaults.K472),Defaults.L472,LOOKUP(Defaults.K472,'Tag List'.$W$2:$W$1000,'Tag List'.$X$2:$X$1000))	
=IF(ISBLANK(Defaults.K473),Defaults.L473,LOOKUP(Defaults.K473,'Tag List'.$W$2:$W$1000,'Tag List'.$X$2:$X$1000))	
=IF(ISBLANK(Defaults.K474),Defaults.L474,LOOKUP(Defaults.K474,'Tag List'.$W$2:$W$1000,'Tag List'.$X$2:$X$1000))	
=IF(ISBLANK(Defaults.K475),Defaults.L475,LOOKUP(Defaults.K475,'Tag List'.$W$2:$W$1000,'Tag List'.$X$2:$X$1000))	
=IF(ISBLANK(Defaults.K476),Defaults.L476,LOOKUP(Defaults.K476,'Tag List'.$W$2:$W$1000,'Tag List'.$X$2:$X$1000))	
=IF(ISBLANK(Defaults.K477),Defaults.L477,LOOKUP(Defaults.K477,'Tag List'.$W$2:$W$1000,'Tag List'.$X$2:$X$1000))	
=IF(ISBLANK(Defaults.K478),Defaults.L478,LOOKUP(Defaults.K478,'Tag List'.$W$2:$W$1000,'Tag List'.$X$2:$X$1000))	
=IF(ISBLANK(Defaults.K479),Defaults.L479,LOOKUP(Defaults.K479,'Tag List'.$W$2:$W$1000,'Tag List'.$X$2:$X$1000))	
=IF(ISBLANK(Defaults.K480),Defaults.L480,LOOKUP(Defaults.K480,'Tag List'.$W$2:$W$1000,'Tag List'.$X$2:$X$1000))	
=IF(ISBLANK(Defaults.K481),Defaults.L481,LOOKUP(Defaults.K481,'Tag List'.$W$2:$W$1000,'Tag List'.$X$2:$X$1000))	
=IF(ISBLANK(Defaults.K482),Defaults.L482,LOOKUP(Defaults.K482,'Tag List'.$W$2:$W$1000,'Tag List'.$X$2:$X$1000))	
=IF(ISBLANK(Defaults.K483),Defaults.L483,LOOKUP(Defaults.K483,'Tag List'.$W$2:$W$1000,'Tag List'.$X$2:$X$1000))	
=IF(ISBLANK(Defaults.K484),Defaults.L484,LOOKUP(Defaults.K484,'Tag List'.$W$2:$W$1000,'Tag List'.$X$2:$X$1000))	
=IF(ISBLANK(Defaults.K485),Defaults.L485,LOOKUP(Defaults.K485,'Tag List'.$W$2:$W$1000,'Tag List'.$X$2:$X$1000))	
=IF(ISBLANK(Defaults.K486),Defaults.L486,LOOKUP(Defaults.K486,'Tag List'.$W$2:$W$1000,'Tag List'.$X$2:$X$1000))	
=IF(ISBLANK(Defaults.K487),Defaults.L487,LOOKUP(Defaults.K487,'Tag List'.$W$2:$W$1000,'Tag List'.$X$2:$X$1000))	
=IF(ISBLANK(Defaults.K488),Defaults.L488,LOOKUP(Defaults.K488,'Tag List'.$W$2:$W$1000,'Tag List'.$X$2:$X$1000))	
=IF(ISBLANK(Defaults.K489),Defaults.L489,LOOKUP(Defaults.K489,'Tag List'.$W$2:$W$1000,'Tag List'.$X$2:$X$1000))	
=IF(ISBLANK(Defaults.K490),Defaults.L490,LOOKUP(Defaults.K490,'Tag List'.$W$2:$W$1000,'Tag List'.$X$2:$X$1000))	
=IF(ISBLANK(Defaults.K491),Defaults.L491,LOOKUP(Defaults.K491,'Tag List'.$W$2:$W$1000,'Tag List'.$X$2:$X$1000))	
=IF(ISBLANK(Defaults.K492),Defaults.L492,LOOKUP(Defaults.K492,'Tag List'.$W$2:$W$1000,'Tag List'.$X$2:$X$1000))	
=IF(ISBLANK(Defaults.K493),Defaults.L493,LOOKUP(Defaults.K493,'Tag List'.$W$2:$W$1000,'Tag List'.$X$2:$X$1000))	
=IF(ISBLANK(Defaults.K494),Defaults.L494,LOOKUP(Defaults.K494,'Tag List'.$W$2:$W$1000,'Tag List'.$X$2:$X$1000))	
=IF(ISBLANK(Defaults.K495),Defaults.L495,LOOKUP(Defaults.K495,'Tag List'.$W$2:$W$1000,'Tag List'.$X$2:$X$1000))	
=IF(ISBLANK(Defaults.K496),Defaults.L496,LOOKUP(Defaults.K496,'Tag List'.$W$2:$W$1000,'Tag List'.$X$2:$X$1000))	
=IF(ISBLANK(Defaults.K497),Defaults.L497,LOOKUP(Defaults.K497,'Tag List'.$W$2:$W$1000,'Tag List'.$X$2:$X$1000))	
=IF(ISBLANK(Defaults.K498),Defaults.L498,LOOKUP(Defaults.K498,'Tag List'.$W$2:$W$1000,'Tag List'.$X$2:$X$1000))	
=IF(ISBLANK(Defaults.K499),Defaults.L499,LOOKUP(Defaults.K499,'Tag List'.$W$2:$W$1000,'Tag List'.$X$2:$X$1000))	
=IF(ISBLANK(Defaults.K500),Defaults.L500,LOOKUP(Defaults.K500,'Tag List'.$W$2:$W$1000,'Tag List'.$X$2:$X$1000))	
=IF(ISBLANK(Defaults.K501),Defaults.L501,LOOKUP(Defaults.K501,'Tag List'.$W$2:$W$1000,'Tag List'.$X$2:$X$1000))	
=IF(ISBLANK(Defaults.K502),Defaults.L502,LOOKUP(Defaults.K502,'Tag List'.$W$2:$W$1000,'Tag List'.$X$2:$X$1000))	
=IF(ISBLANK(Defaults.K503),Defaults.L503,LOOKUP(Defaults.K503,'Tag List'.$W$2:$W$1000,'Tag List'.$X$2:$X$1000))	
=IF(ISBLANK(Defaults.K504),Defaults.L504,LOOKUP(Defaults.K504,'Tag List'.$W$2:$W$1000,'Tag List'.$X$2:$X$1000))	
=IF(ISBLANK(Defaults.K505),Defaults.L505,LOOKUP(Defaults.K505,'Tag List'.$W$2:$W$1000,'Tag List'.$X$2:$X$1000))	
=IF(ISBLANK(Defaults.K506),Defaults.L506,LOOKUP(Defaults.K506,'Tag List'.$W$2:$W$1000,'Tag List'.$X$2:$X$1000))	
=IF(ISBLANK(Defaults.K507),Defaults.L507,LOOKUP(Defaults.K507,'Tag List'.$W$2:$W$1000,'Tag List'.$X$2:$X$1000))	
=IF(ISBLANK(Defaults.K508),Defaults.L508,LOOKUP(Defaults.K508,'Tag List'.$W$2:$W$1000,'Tag List'.$X$2:$X$1000))	
=IF(ISBLANK(Defaults.K509),Defaults.L509,LOOKUP(Defaults.K509,'Tag List'.$W$2:$W$1000,'Tag List'.$X$2:$X$1000))	
=IF(ISBLANK(Defaults.K510),Defaults.L510,LOOKUP(Defaults.K510,'Tag List'.$W$2:$W$1000,'Tag List'.$X$2:$X$1000))	
=IF(ISBLANK(Defaults.K511),Defaults.L511,LOOKUP(Defaults.K511,'Tag List'.$W$2:$W$1000,'Tag List'.$X$2:$X$1000))	
=IF(ISBLANK(Defaults.K512),Defaults.L512,LOOKUP(Defaults.K512,'Tag List'.$W$2:$W$1000,'Tag List'.$X$2:$X$1000))	
=IF(ISBLANK(Defaults.K513),Defaults.L513,LOOKUP(Defaults.K513,'Tag List'.$W$2:$W$1000,'Tag List'.$X$2:$X$1000))	
=IF(ISBLANK(Defaults.K514),Defaults.L514,LOOKUP(Defaults.K514,'Tag List'.$W$2:$W$1000,'Tag List'.$X$2:$X$1000))	
=IF(ISBLANK(Defaults.K515),Defaults.L515,LOOKUP(Defaults.K515,'Tag List'.$W$2:$W$1000,'Tag List'.$X$2:$X$1000))	
=IF(ISBLANK(Defaults.K516),Defaults.L516,LOOKUP(Defaults.K516,'Tag List'.$W$2:$W$1000,'Tag List'.$X$2:$X$1000))	
=IF(ISBLANK(Defaults.K517),Defaults.L517,LOOKUP(Defaults.K517,'Tag List'.$W$2:$W$1000,'Tag List'.$X$2:$X$1000))	
=IF(ISBLANK(Defaults.K518),Defaults.L518,LOOKUP(Defaults.K518,'Tag List'.$W$2:$W$1000,'Tag List'.$X$2:$X$1000))	
=IF(ISBLANK(Defaults.K519),Defaults.L519,LOOKUP(Defaults.K519,'Tag List'.$W$2:$W$1000,'Tag List'.$X$2:$X$1000))	
=IF(ISBLANK(Defaults.K520),Defaults.L520,LOOKUP(Defaults.K520,'Tag List'.$W$2:$W$1000,'Tag List'.$X$2:$X$1000))	
=IF(ISBLANK(Defaults.K521),Defaults.L521,LOOKUP(Defaults.K521,'Tag List'.$W$2:$W$1000,'Tag List'.$X$2:$X$1000))	
=IF(ISBLANK(Defaults.K522),Defaults.L522,LOOKUP(Defaults.K522,'Tag List'.$W$2:$W$1000,'Tag List'.$X$2:$X$1000))	
=IF(ISBLANK(Defaults.K523),Defaults.L523,LOOKUP(Defaults.K523,'Tag List'.$W$2:$W$1000,'Tag List'.$X$2:$X$1000))	
=IF(ISBLANK(Defaults.K524),Defaults.L524,LOOKUP(Defaults.K524,'Tag List'.$W$2:$W$1000,'Tag List'.$X$2:$X$1000))	
=IF(ISBLANK(Defaults.K525),Defaults.L525,LOOKUP(Defaults.K525,'Tag List'.$W$2:$W$1000,'Tag List'.$X$2:$X$1000))	
=IF(ISBLANK(Defaults.K526),Defaults.L526,LOOKUP(Defaults.K526,'Tag List'.$W$2:$W$1000,'Tag List'.$X$2:$X$1000))	
=IF(ISBLANK(Defaults.K527),Defaults.L527,LOOKUP(Defaults.K527,'Tag List'.$W$2:$W$1000,'Tag List'.$X$2:$X$1000))	
=IF(ISBLANK(Defaults.K528),Defaults.L528,LOOKUP(Defaults.K528,'Tag List'.$W$2:$W$1000,'Tag List'.$X$2:$X$1000))	
=IF(ISBLANK(Defaults.K529),Defaults.L529,LOOKUP(Defaults.K529,'Tag List'.$W$2:$W$1000,'Tag List'.$X$2:$X$1000))	
=IF(ISBLANK(Defaults.K530),Defaults.L530,LOOKUP(Defaults.K530,'Tag List'.$W$2:$W$1000,'Tag List'.$X$2:$X$1000))	
=IF(ISBLANK(Defaults.K531),Defaults.L531,LOOKUP(Defaults.K531,'Tag List'.$W$2:$W$1000,'Tag List'.$X$2:$X$1000))	
=IF(ISBLANK(Defaults.K532),Defaults.L532,LOOKUP(Defaults.K532,'Tag List'.$W$2:$W$1000,'Tag List'.$X$2:$X$1000))	
=IF(ISBLANK(Defaults.K533),Defaults.L533,LOOKUP(Defaults.K533,'Tag List'.$W$2:$W$1000,'Tag List'.$X$2:$X$1000))	
=IF(ISBLANK(Defaults.K534),Defaults.L534,LOOKUP(Defaults.K534,'Tag List'.$W$2:$W$1000,'Tag List'.$X$2:$X$1000))	
=IF(ISBLANK(Defaults.K535),Defaults.L535,LOOKUP(Defaults.K535,'Tag List'.$W$2:$W$1000,'Tag List'.$X$2:$X$1000))	
=IF(ISBLANK(Defaults.K536),Defaults.L536,LOOKUP(Defaults.K536,'Tag List'.$W$2:$W$1000,'Tag List'.$X$2:$X$1000))	
=IF(ISBLANK(Defaults.K537),Defaults.L537,LOOKUP(Defaults.K537,'Tag List'.$W$2:$W$1000,'Tag List'.$X$2:$X$1000))	
=IF(ISBLANK(Defaults.K538),Defaults.L538,LOOKUP(Defaults.K538,'Tag List'.$W$2:$W$1000,'Tag List'.$X$2:$X$1000))	
=IF(ISBLANK(Defaults.K539),Defaults.L539,LOOKUP(Defaults.K539,'Tag List'.$W$2:$W$1000,'Tag List'.$X$2:$X$1000))	
=IF(ISBLANK(Defaults.K540),Defaults.L540,LOOKUP(Defaults.K540,'Tag List'.$W$2:$W$1000,'Tag List'.$X$2:$X$1000))	
=IF(ISBLANK(Defaults.K541),Defaults.L541,LOOKUP(Defaults.K541,'Tag List'.$W$2:$W$1000,'Tag List'.$X$2:$X$1000))	
=IF(ISBLANK(Defaults.K542),Defaults.L542,LOOKUP(Defaults.K542,'Tag List'.$W$2:$W$1000,'Tag List'.$X$2:$X$1000))	
=IF(ISBLANK(Defaults.K543),Defaults.L543,LOOKUP(Defaults.K543,'Tag List'.$W$2:$W$1000,'Tag List'.$X$2:$X$1000))	
=IF(ISBLANK(Defaults.K544),Defaults.L544,LOOKUP(Defaults.K544,'Tag List'.$W$2:$W$1000,'Tag List'.$X$2:$X$1000))	
=IF(ISBLANK(Defaults.K545),Defaults.L545,LOOKUP(Defaults.K545,'Tag List'.$W$2:$W$1000,'Tag List'.$X$2:$X$1000))	
=IF(ISBLANK(Defaults.K546),Defaults.L546,LOOKUP(Defaults.K546,'Tag List'.$W$2:$W$1000,'Tag List'.$X$2:$X$1000))	
=IF(ISBLANK(Defaults.K547),Defaults.L547,LOOKUP(Defaults.K547,'Tag List'.$W$2:$W$1000,'Tag List'.$X$2:$X$1000))	
=IF(ISBLANK(Defaults.K548),Defaults.L548,LOOKUP(Defaults.K548,'Tag List'.$W$2:$W$1000,'Tag List'.$X$2:$X$1000))	
=IF(ISBLANK(Defaults.K549),Defaults.L549,LOOKUP(Defaults.K549,'Tag List'.$W$2:$W$1000,'Tag List'.$X$2:$X$1000))	
=IF(ISBLANK(Defaults.K550),Defaults.L550,LOOKUP(Defaults.K550,'Tag List'.$W$2:$W$1000,'Tag List'.$X$2:$X$1000))	
=IF(ISBLANK(Defaults.K551),Defaults.L551,LOOKUP(Defaults.K551,'Tag List'.$W$2:$W$1000,'Tag List'.$X$2:$X$1000))	
=IF(ISBLANK(Defaults.K552),Defaults.L552,LOOKUP(Defaults.K552,'Tag List'.$W$2:$W$1000,'Tag List'.$X$2:$X$1000))	
=IF(ISBLANK(Defaults.K553),Defaults.L553,LOOKUP(Defaults.K553,'Tag List'.$W$2:$W$1000,'Tag List'.$X$2:$X$1000))	
=IF(ISBLANK(Defaults.K554),Defaults.L554,LOOKUP(Defaults.K554,'Tag List'.$W$2:$W$1000,'Tag List'.$X$2:$X$1000))	
=IF(ISBLANK(Defaults.K555),Defaults.L555,LOOKUP(Defaults.K555,'Tag List'.$W$2:$W$1000,'Tag List'.$X$2:$X$1000))	
=IF(ISBLANK(Defaults.K556),Defaults.L556,LOOKUP(Defaults.K556,'Tag List'.$W$2:$W$1000,'Tag List'.$X$2:$X$1000))	
=IF(ISBLANK(Defaults.K557),Defaults.L557,LOOKUP(Defaults.K557,'Tag List'.$W$2:$W$1000,'Tag List'.$X$2:$X$1000))	
=IF(ISBLANK(Defaults.K558),Defaults.L558,LOOKUP(Defaults.K558,'Tag List'.$W$2:$W$1000,'Tag List'.$X$2:$X$1000))	
=IF(ISBLANK(Defaults.K559),Defaults.L559,LOOKUP(Defaults.K559,'Tag List'.$W$2:$W$1000,'Tag List'.$X$2:$X$1000))	
=IF(ISBLANK(Defaults.K560),Defaults.L560,LOOKUP(Defaults.K560,'Tag List'.$W$2:$W$1000,'Tag List'.$X$2:$X$1000))	
=IF(ISBLANK(Defaults.K561),Defaults.L561,LOOKUP(Defaults.K561,'Tag List'.$W$2:$W$1000,'Tag List'.$X$2:$X$1000))	
=IF(ISBLANK(Defaults.K562),Defaults.L562,LOOKUP(Defaults.K562,'Tag List'.$W$2:$W$1000,'Tag List'.$X$2:$X$1000))	
=IF(ISBLANK(Defaults.K563),Defaults.L563,LOOKUP(Defaults.K563,'Tag List'.$W$2:$W$1000,'Tag List'.$X$2:$X$1000))	
=IF(ISBLANK(Defaults.K564),Defaults.L564,LOOKUP(Defaults.K564,'Tag List'.$W$2:$W$1000,'Tag List'.$X$2:$X$1000))	
=IF(ISBLANK(Defaults.K565),Defaults.L565,LOOKUP(Defaults.K565,'Tag List'.$W$2:$W$1000,'Tag List'.$X$2:$X$1000))	
=IF(ISBLANK(Defaults.K566),Defaults.L566,LOOKUP(Defaults.K566,'Tag List'.$W$2:$W$1000,'Tag List'.$X$2:$X$1000))	
=IF(ISBLANK(Defaults.K567),Defaults.L567,LOOKUP(Defaults.K567,'Tag List'.$W$2:$W$1000,'Tag List'.$X$2:$X$1000))	
=IF(ISBLANK(Defaults.K568),Defaults.L568,LOOKUP(Defaults.K568,'Tag List'.$W$2:$W$1000,'Tag List'.$X$2:$X$1000))	
=IF(ISBLANK(Defaults.K569),Defaults.L569,LOOKUP(Defaults.K569,'Tag List'.$W$2:$W$1000,'Tag List'.$X$2:$X$1000))	
=IF(ISBLANK(Defaults.K570),Defaults.L570,LOOKUP(Defaults.K570,'Tag List'.$W$2:$W$1000,'Tag List'.$X$2:$X$1000))	
=IF(ISBLANK(Defaults.K571),Defaults.L571,LOOKUP(Defaults.K571,'Tag List'.$W$2:$W$1000,'Tag List'.$X$2:$X$1000))	
=IF(ISBLANK(Defaults.K572),Defaults.L572,LOOKUP(Defaults.K572,'Tag List'.$W$2:$W$1000,'Tag List'.$X$2:$X$1000))	
=IF(ISBLANK(Defaults.K573),Defaults.L573,LOOKUP(Defaults.K573,'Tag List'.$W$2:$W$1000,'Tag List'.$X$2:$X$1000))	
=IF(ISBLANK(Defaults.K574),Defaults.L574,LOOKUP(Defaults.K574,'Tag List'.$W$2:$W$1000,'Tag List'.$X$2:$X$1000))	
=IF(ISBLANK(Defaults.K575),Defaults.L575,LOOKUP(Defaults.K575,'Tag List'.$W$2:$W$1000,'Tag List'.$X$2:$X$1000))	
=IF(ISBLANK(Defaults.K576),Defaults.L576,LOOKUP(Defaults.K576,'Tag List'.$W$2:$W$1000,'Tag List'.$X$2:$X$1000))	
=IF(ISBLANK(Defaults.K577),Defaults.L577,LOOKUP(Defaults.K577,'Tag List'.$W$2:$W$1000,'Tag List'.$X$2:$X$1000))	
=IF(ISBLANK(Defaults.K578),Defaults.L578,LOOKUP(Defaults.K578,'Tag List'.$W$2:$W$1000,'Tag List'.$X$2:$X$1000))	
=IF(ISBLANK(Defaults.K579),Defaults.L579,LOOKUP(Defaults.K579,'Tag List'.$W$2:$W$1000,'Tag List'.$X$2:$X$1000))	
